module,last_version,old_name,old_url,evidence,target_module,target_name,target_url,jaccard,name_similarity,score,confirmed
person,2025.0.0-alpha2,MII_PR_Person_Proband,https://www.medizininformatik-initiative.de/fhir/core/modul-person/StructureDefinition/ResearchSubject,similar,studie,MII_PR_Studie_Proband,https://www.medizininformatik-initiative.de/fhir/modul-studie/StructureDefinition/mii-pr-studie-proband,0.938,1.0,0.963,
person,1.0.3-alpha3,ProbantIn,https://www.medizininformatik-initiative.de/fhir/core/StructureDefinition/ResearchSubject,similar,studie,MII_PR_Studie_Proband,https://www.medizininformatik-initiative.de/fhir/modul-studie/StructureDefinition/mii-pr-studie-proband,0.824,0.75,0.794,
mtb,2025.0.0-ballot-alpha.1,MII_PR_MTB_Genomic_Study_Analysis,https://www.medizininformatik-initiative.de/fhir/ext/modul-mtb/StructureDefinition/genomic-study-analysis,similar,molgen,MII_PR_MolGen_GenomicStudyAnalysis,https://www.medizininformatik-initiative.de/fhir/ext/modul-molgen/StructureDefinition/mii-pr-molgen-genomic-study-analysis,0.385,1.0,0.631,
person,1.0.3-alpha3,Observation - Vitalstatus,https://www.medizininformatik-initiative.de/fhir/core/StructureDefinition/Vitalstatus,similar,base,MII_PR_Person_Vitalstatus,https://www.medizininformatik-initiative.de/fhir/core/modul-person/StructureDefinition/Vitalstatus,0.6,0.667,0.627,
prozedur,0.9.2,Prozedur,https://www.medizininformatik-initiative.de/fhir/core/StructureDefinition/Procedure,similar,base,MII_PR_Prozedur_Procedure,https://www.medizininformatik-initiative.de/fhir/core/modul-prozedur/StructureDefinition/Procedure,0.481,0.824,0.618,
symptom,2024.0.0-alpha1,MII_PR_Symptom_Condition,https://www.medizininformatik-initiative.de/fhir/ext/modul-symptom/StructureDefinition/finding-condition,similar,seltene,MII_PR_Seltene_Symptom_Condition,https://www.medizininformatik-initiative.de/fhir/ext/modul-seltene/StructureDefinition/mii-pr-seltene-symptom-condition,0.36,1.0,0.616,
icu,2025.0.4,SD_MII_ICU_Devicemetric_Eingestellte_Gemessene_Parameter_Beatmung,https://www.medizininformatik-initiative.de/fhir/ext/modul-icu/StructureDefinition/devicemetric-eingestellte-gemessene-parameter-beatmung,similar,kardiologie,MII_PR_Kardio_NBG_Schrittmachermodus,https://www.medizininformatik-initiative.de/fhir/ext/modul-kardio/StructureDefinition/mii-pr-kardio-nbg-schrittmachermodus,0.857,0.225,0.604,
icu,2026.0.2,MII_PR_ICU_Devicemetric_Eingestellte_Gemessene_Parameter_Beatmung,https://www.medizininformatik-initiative.de/fhir/ext/modul-icu/StructureDefinition/mii-pr-icu-devicemetric-eingestellte-gemessene-parameter-beatmung,similar,kardiologie,MII_PR_Kardio_NBG_Schrittmachermodus,https://www.medizininformatik-initiative.de/fhir/ext/modul-kardio/StructureDefinition/mii-pr-kardio-nbg-schrittmachermodus,0.857,0.225,0.604,
icu,2026.0.1,MII_PR_ICU_VENT_Devicemetric_Eingestellte_Gemessene_Parameter_Beatmung,https://www.medizininformatik-initiative.de/fhir/ext/modul-icu/StructureDefinition/mii-pr-icu-vent-devicemetric-eingestellte-gemessene-parameter-beatmung,similar,kardiologie,MII_PR_Kardio_NBG_Schrittmachermodus,https://www.medizininformatik-initiative.de/fhir/ext/modul-kardio/StructureDefinition/mii-pr-kardio-nbg-schrittmachermodus,0.857,0.225,0.604,
icu,2025.0.4,SD_MII_ICU_Devicemetric_Eingestellte_Gemessene_Parameter_Extrakorporale_Verfahren,https://www.medizininformatik-initiative.de/fhir/ext/modul-icu/StructureDefinition/devicemetric-eingestellte-gemessene-parameter-extrakorporale-verfahren,similar,kardiologie,MII_PR_Kardio_NBG_Schrittmachermodus,https://www.medizininformatik-initiative.de/fhir/ext/modul-kardio/StructureDefinition/mii-pr-kardio-nbg-schrittmachermodus,0.857,0.163,0.579,
icu,2026.0.2,MII_PR_ICU_Devicemetric_Eingestellte_Gemessene_Parameter_Extrakorporale_Verfahren,https://www.medizininformatik-initiative.de/fhir/ext/modul-icu/StructureDefinition/mii-pr-icu-devicemetric-eingestellte-gemessene-parameter-extrakorporale-verfahren,similar,kardiologie,MII_PR_Kardio_NBG_Schrittmachermodus,https://www.medizininformatik-initiative.de/fhir/ext/modul-kardio/StructureDefinition/mii-pr-kardio-nbg-schrittmachermodus,0.857,0.163,0.579,
icu,2026.0.1,MII_PR_ICU_ECT_Devicemetric_Eingestellte_Gemessene_Parameter_Extrakorporale_Verfahren,https://www.medizininformatik-initiative.de/fhir/ext/modul-icu/StructureDefinition/mii-pr-icu-ect-devicemetric-eingestellte-gemessene-parameter-extrakorporale-verfahren,similar,kardiologie,MII_PR_Kardio_NBG_Schrittmachermodus,https://www.medizininformatik-initiative.de/fhir/ext/modul-kardio/StructureDefinition/mii-pr-kardio-nbg-schrittmachermodus,0.857,0.163,0.579,
person,1.0.3-alpha3,PatientIn,https://www.medizininformatik-initiative.de/fhir/core/StructureDefinition/Patient,similar,base,MII_PR_Person_Patient,https://www.medizininformatik-initiative.de/fhir/core/modul-person/StructureDefinition/Patient,0.363,0.875,0.568,
symptom,2024.0.0-alpha1,MII_PR_Symptom_Observation,https://www.medizininformatik-initiative.de/fhir/ext/modul-symptom/StructureDefinition/finding-observation,similar,patho,MII_PR_Patho_Base_Observation,https://www.medizininformatik-initiative.de/fhir/ext/modul-patho/StructureDefinition/mii-pr-patho-base-observation,0.27,1.0,0.562,
icu,2025.0.4,SD_MII_ICU_Kopfumfang,https://www.medizininformatik-initiative.de/fhir/ext/modul-icu/StructureDefinition/kopfumfang,similar,seltene,MII_PR_Seltene_Kopfumfang,https://www.medizininformatik-initiative.de/fhir/ext/modul-seltene/StructureDefinition/mii-pr-seltene-kopfumfang,0.241,1.0,0.545,
icu,2026.0.1,MII_PR_ICU_Kopfumfang,https://www.medizininformatik-initiative.de/fhir/ext/modul-icu/StructureDefinition/mii-pr-icu-kopfumfang,similar,seltene,MII_PR_Seltene_Kopfumfang,https://www.medizininformatik-initiative.de/fhir/ext/modul-seltene/StructureDefinition/mii-pr-seltene-kopfumfang,0.241,1.0,0.545,
patho,0.9.0,SD_MII_Patho_Base_Observation,https://www.medizininformatik-initiative.de/fhir/ext/modul-patho/StructureDefinition/sd-mii-patho-base-observation,similar,symptom,MII_PR_Symptom_Observation,https://www.medizininformatik-initiative.de/fhir/modul-symptom/StructureDefinition/finding-observation,0.177,1.0,0.506,
laborbefund,0.9.2,ObservationLab,https://www.medizininformatik-initiative.de/fhir/core/StructureDefinition/ObservationLab,similar,symptom,MII_PR_Symptom_Observation,https://www.medizininformatik-initiative.de/fhir/modul-symptom/StructureDefinition/finding-observation,0.25,0.88,0.502,
molgen,2026.0.0,MII_PR_MolGen_Familienanamnese,https://www.medizininformatik-initiative.de/fhir/ext/modul-molgen/StructureDefinition/mii-pr-molgen-familienanamnese,similar,seltene,MII_PR_Seltene_Familienanamnese,https://www.medizininformatik-initiative.de/fhir/ext/modul-seltene/StructureDefinition/mii-pr-seltene-familienanamnese,0.148,1.0,0.489,
laborbefund,0.9.2,ServiceRequestLab,https://www.medizininformatik-initiative.de/fhir/core/StructureDefinition/ServiceRequestLab,similar,patho,MII_PR_Patho_Service_Request,https://www.medizininformatik-initiative.de/fhir/ext/modul-patho/StructureDefinition/mii-pr-patho-service-request,0.179,0.903,0.468,
icu,2025.0.4,SD_MII_ICU_Icu_Device,https://www.medizininformatik-initiative.de/fhir/ext/modul-icu/StructureDefinition/icu-device,similar,kardiologie,MII_PR_Kardio_Device,https://www.medizininformatik-initiative.de/fhir/ext/modul-kardio/StructureDefinition/mii-pr-kardio-device,0.111,1.0,0.467,
icu,2026.0.2,MII_PR_ICU_Device,https://www.medizininformatik-initiative.de/fhir/ext/modul-icu/StructureDefinition/mii-pr-icu-icu-device,similar,kardiologie,MII_PR_Kardio_Device,https://www.medizininformatik-initiative.de/fhir/ext/modul-kardio/StructureDefinition/mii-pr-kardio-device,0.111,1.0,0.467,
patho,0.9.0,SD_MII_Patho_Specimen,https://www.medizininformatik-initiative.de/fhir/ext/modul-patho/StructureDefinition/sd-mii-patho-specimen,similar,onkologie,MII_PR_Onko_Specimen,https://www.medizininformatik-initiative.de/fhir/ext/modul-onko/StructureDefinition/mii-pr-onko-specimen,0.1,1.0,0.46,
icu,2025.0.4,SD_MII_ICU_Ionisiertes_Kalzium_Nierenersatzverfahren,https://www.medizininformatik-initiative.de/fhir/ext/modul-icu/StructureDefinition/ionisiertes-kalzium-nierenersatzverfahren,similar,kardiologie,MII_PR_Kardio_Score_Modifizierte_Rankin_Skala,https://www.medizininformatik-initiative.de/fhir/ext/modul-kardio/StructureDefinition/mii-pr-kardio-score-modifizierte-rankin-skala,0.5,0.358,0.443,
icu,2024.0.0-alpha1,SD_MII_ICU_Score,https://www.medizininformatik-initiative.de/fhir/ext/modul-icu/StructureDefinition/score-fsh,similar,kardiologie,MII_PR_Kardio_Score_NYHA,https://www.medizininformatik-initiative.de/fhir/ext/modul-kardio/StructureDefinition/mii-pr-kardio-score-nyha,0.257,0.714,0.44,
icu,2025.0.3,SD_MII_ICU_Score,https://www.medizininformatik-initiative.de/fhir/ext/modul-icu/StructureDefinition/score,similar,kardiologie,MII_PR_Kardio_Score_NYHA,https://www.medizininformatik-initiative.de/fhir/ext/modul-kardio/StructureDefinition/mii-pr-kardio-score-nyha,0.25,0.714,0.436,
icu,2026.0.1,MII_PR_ICU_Koerpergroesse,https://www.medizininformatik-initiative.de/fhir/ext/modul-icu/StructureDefinition/mii-pr-icu-koerpergroesse,similar,onkologie,MII_PR_Onko_Tumorgroesse,https://www.medizininformatik-initiative.de/fhir/ext/modul-onko/StructureDefinition/mii-pr-onko-tumorgroesse,0.239,0.692,0.42,
laborbefund,0.9.2,DiagnosticReportLab,https://www.medizininformatik-initiative.de/fhir/core/StructureDefinition/DiagnosticReportLab,similar,mikrobiologie,MII_PR_Mikrobio_Diagnostic_Report,https://www.medizininformatik-initiative.de/fhir/modul-mikrobio/StructureDefinition/mii-pr-mikrobio-diagnostic-report,0.091,0.914,0.42,
icu,2025.0.4,SD_MII_ICU_Koerpergroesse,https://www.medizininformatik-initiative.de/fhir/ext/modul-icu/StructureDefinition/koerpergroesse,similar,onkologie,MII_PR_Onko_Tumorgroesse,https://www.medizininformatik-initiative.de/fhir/ext/modul-onko/StructureDefinition/mii-pr-onko-tumorgroesse,0.229,0.692,0.414,
kardiologie,2026.0.0-alpha.3,MII_PR_Kardio_EKG_Geraet,https://www.medizininformatik-initiative.de/fhir/ext/modul-kardio/StructureDefinition/mii-pr-kardio-ekg-geraet,similar,bildgebung,MII_PR_Bildgebung_Geraet,https://www.medizininformatik-initiative.de/fhir/ext/modul-bildgebung/StructureDefinition/mii-pr-bildgebung-geraet,0.154,0.8,0.412,
kardiologie,2026.0.0-alpha.3,MII_PR_Kardio_Ausschluss_Scoreberechnung,https://www.medizininformatik-initiative.de/fhir/ext/modul-kardio/StructureDefinition/mii-pr-kardio-ausschluss-scoreberechnung,similar,onkologie,MII_PR_Onko_Prostata_Anzahl_Stanzen,https://www.medizininformatik-initiative.de/fhir/ext/modul-onko/StructureDefinition/mii-pr-onko-prostate-anzahl-stanzen,0.5,0.261,0.404,
icu,2026.0.2,MII_PR_ICU_Ionisiertes_Kalzium_Nierenersatzverfahren,https://www.medizininformatik-initiative.de/fhir/ext/modul-icu/StructureDefinition/mii-pr-icu-ionisiertes-kalzium-nierenersatzverfahren,similar,kardiologie,MII_PR_Kardio_Score_Modifizierte_Rankin_Skala,https://www.medizininformatik-initiative.de/fhir/ext/modul-kardio/StructureDefinition/mii-pr-kardio-score-modifizierte-rankin-skala,0.429,0.358,0.4,
icu,2025.0.4,SD_MII_ICU_Atemfrequenz,https://www.medizininformatik-initiative.de/fhir/ext/modul-icu/StructureDefinition/atemfrequenz,similar,onkologie,MII_PR_Onko_KRK_MRT_Mesorektale_Faszie,https://www.medizininformatik-initiative.de/fhir/ext/modul-onko/StructureDefinition/mii-pr-onko-krk-mrt-mesorektale-faszie,0.423,0.343,0.391,
icu,2026.0.1,MII_PR_ICU_Atemfrequenz,https://www.medizininformatik-initiative.de/fhir/ext/modul-icu/StructureDefinition/mii-pr-icu-atemfrequenz,similar,onkologie,MII_PR_Onko_KRK_MRT_Mesorektale_Faszie,https://www.medizininformatik-initiative.de/fhir/ext/modul-onko/StructureDefinition/mii-pr-onko-krk-mrt-mesorektale-faszie,0.423,0.343,0.391,
icu,2025.0.4,SD_MII_ICU_Dauer_Extrakorporaler_Gasaustausch,https://www.medizininformatik-initiative.de/fhir/ext/modul-icu/StructureDefinition/dauer-extrakorporaler-gasaustausch,similar,kardiologie,MII_PR_Kardio_Score_Modifizierte_Rankin_Skala,https://www.medizininformatik-initiative.de/fhir/ext/modul-kardio/StructureDefinition/mii-pr-kardio-score-modifizierte-rankin-skala,0.429,0.333,0.39,
icu,2026.0.2,MIIPR_ICU_Zeitverhaeltnis_Ein_Ausatmung,https://www.medizininformatik-initiative.de/fhir/ext/modul-icu/StructureDefinition/mii-pr-icu-zeitverhaeltnis-ein-ausatmung,similar,kardiologie,MII_PR_Kardio_Score_Modifizierte_Rankin_Skala,https://www.medizininformatik-initiative.de/fhir/ext/modul-kardio/StructureDefinition/mii-pr-kardio-score-modifizierte-rankin-skala,0.357,0.433,0.388,
mikrobiologie,2025.0.2,MII_PR_Mikrobio_Kultur_Nachweis,https://www.medizininformatik-initiative.de/fhir/modul-mikrobio/StructureDefinition/mii-pr-mikrobio-kultur-nachweis,similar,laborbefund,MII_PR_Labor_Laboruntersuchung,https://www.medizininformatik-initiative.de/fhir/core/modul-labor/StructureDefinition/ObservationLab,0.424,0.323,0.383,
mikrobiologie,2025.0.2,MII_PR_Mikrobio_Resistenzgene,https://www.medizininformatik-initiative.de/fhir/modul-mikrobio/StructureDefinition/mii-pr-mikrobio-resistenzgene,similar,laborbefund,MII_PR_Labor_Laboruntersuchung,https://www.medizininformatik-initiative.de/fhir/core/modul-labor/StructureDefinition/ObservationLab,0.414,0.333,0.382,
icu,2026.0.0,MII_PR_ICU_Score_RASS,https://example.org/fhir/StructureDefinition/mii-pr-icu-score-rass,similar,kardiologie,MII_PR_Kardio_Score_NYHA,https://www.medizininformatik-initiative.de/fhir/ext/modul-kardio/StructureDefinition/mii-pr-kardio-score-nyha,0.19,0.667,0.381,
mikrobiologie,0.0.2,MII_PR_Mikrobio_Kultur_Nachweis,https://www.medizininformatik-initiative.de/fhir/modul-mikrobio/StructureDefinition/kultur-nachweis,similar,laborbefund,MII_PR_Labor_Laboruntersuchung,https://www.medizininformatik-initiative.de/fhir/core/modul-labor/StructureDefinition/ObservationLab,0.42,0.323,0.381,
icu,2025.0.4,SD_MII_ICU_Dauer_Haemodialysesitzung,https://www.medizininformatik-initiative.de/fhir/ext/modul-icu/StructureDefinition/dauer-haemodialysesitzung,similar,kardiologie,MII_PR_Kardio_Score_Modifizierte_Rankin_Skala,https://www.medizininformatik-initiative.de/fhir/ext/modul-kardio/StructureDefinition/mii-pr-kardio-score-modifizierte-rankin-skala,0.429,0.308,0.38,
icu,2025.0.4,SD_MII_ICU_Substituatvolumen,https://www.medizininformatik-initiative.de/fhir/ext/modul-icu/StructureDefinition/substituatvolumen,similar,kardiologie,MII_PR_Kardio_Score_NYHA,https://www.medizininformatik-initiative.de/fhir/ext/modul-kardio/StructureDefinition/mii-pr-kardio-score-nyha,0.429,0.308,0.38,
mikrobiologie,0.0.2,MII_PR_Mikrobio_Resistenzgene,https://www.medizininformatik-initiative.de/fhir/modul-mikrobio/StructureDefinition/resistenzgene,similar,laborbefund,MII_PR_Labor_Laboruntersuchung,https://www.medizininformatik-initiative.de/fhir/core/modul-labor/StructureDefinition/ObservationLab,0.411,0.333,0.38,
mikrobiologie,2025.0.2,MII_PR_Mikrobio_Resistenzmutation,https://www.medizininformatik-initiative.de/fhir/modul-mikrobio/StructureDefinition/mii-pr-mikrobio-resistenzmutation,similar,symptom,MII_PR_Symptom_Observation,https://www.medizininformatik-initiative.de/fhir/modul-symptom/StructureDefinition/finding-observation,0.34,0.429,0.375,
icu,2025.0.4,SD_MII_ICU_Haemodialyse_Blutfluss,https://www.medizininformatik-initiative.de/fhir/ext/modul-icu/StructureDefinition/haemodialyse-blutfluss,similar,kardiologie,MII_PR_Kardio_Score_Modifizierte_Rankin_Skala,https://www.medizininformatik-initiative.de/fhir/ext/modul-kardio/StructureDefinition/mii-pr-kardio-score-modifizierte-rankin-skala,0.429,0.286,0.371,
icu,2026.0.2,MII_PR_ICU_Mittlerer_Beatmungsdruck,https://www.medizininformatik-initiative.de/fhir/ext/modul-icu/StructureDefinition/mii-pr-icu-mittlerer-beatmungsdruck,similar,kardiologie,MII_PR_Kardio_Score_Modifizierte_Rankin_Skala,https://www.medizininformatik-initiative.de/fhir/ext/modul-kardio/StructureDefinition/mii-pr-kardio-score-modifizierte-rankin-skala,0.357,0.392,0.371,
mikrobiologie,0.0.2,MII_PR_Mikrobio_Virulenzfaktor,https://www.medizininformatik-initiative.de/fhir/modul-mikrobio/StructureDefinition/virulenzfaktor,similar,laborbefund,MII_PR_Labor_Laboruntersuchung,https://www.medizininformatik-initiative.de/fhir/core/modul-labor/StructureDefinition/ObservationLab,0.446,0.258,0.371,
icu,1.0.0,SD_MII_ICU_Periphere_Artierielle_Sauerstoffsaettigung,https://www.medizininformatik-initiative.de/fhir/ext/modul-icu/StructureDefinition/periphere-artierielle-sauerstoffsaettigung,similar,onkologie,MII_PR_Onko_Melanom_Sicherheitsabstand,https://www.medizininformatik-initiative.de/fhir/ext/modul-onko/StructureDefinition/mii-pr-onko-melanom-sicherheitsabstand,0.35,0.4,0.37,
icu,2025.0.4,SD_MII_ICU_Beatmung,https://www.medizininformatik-initiative.de/fhir/ext/modul-icu/StructureDefinition/beatmung,similar,lungenfunktion,MII_PR_Lungenfunktion_Spirometrie_Messung,https://www.medizininformatik-initiative.de/fhir/ext/modul-lungenfunktion/StructureDefinition/mii-pr-lungenfunktion-spirometrie-messung,0.308,0.462,0.369,
icu,2025.0.4,SD_MII_ICU_Horowitz_In_Arteriellem_Blut,https://www.medizininformatik-initiative.de/fhir/ext/modul-icu/StructureDefinition/horowitz-in-arteriellem-blut,similar,kardiologie,MII_PR_Kardio_Score_Modifizierte_Rankin_Skala,https://www.medizininformatik-initiative.de/fhir/ext/modul-kardio/StructureDefinition/mii-pr-kardio-score-modifizierte-rankin-skala,0.312,0.453,0.369,
icu,2026.0.1,MII_PR_ICU_VENT_Beatmung,https://www.medizininformatik-initiative.de/fhir/ext/modul-icu/StructureDefinition/mii-pr-icu-vent-beatmung,similar,lungenfunktion,MII_PR_Lungenfunktion_Spirometrie_Messung,https://www.medizininformatik-initiative.de/fhir/ext/modul-lungenfunktion/StructureDefinition/mii-pr-lungenfunktion-spirometrie-messung,0.308,0.462,0.369,
icu,2026.0.1,MII_PR_ICU_ECT_Parameter_Von_Extrakorporalen_Verfahren,https://www.medizininformatik-initiative.de/fhir/ext/modul-icu/StructureDefinition/mii-pr-icu-ect-parameter-von-extrakorporalen-verfahren,similar,onkologie,MII_PR_Onko_Anzahl_Befallene_Lymphknoten,https://www.medizininformatik-initiative.de/fhir/ext/modul-onko/StructureDefinition/mii-pr-onko-anzahl-befallene-lymphknoten,0.375,0.355,0.367,
icu,2025.0.4,SD_MII_ICU_Parameter_Von_Extrakorporalen_Verfahren,https://www.medizininformatik-initiative.de/fhir/ext/modul-icu/StructureDefinition/parameter-von-extrakorporalen-verfahren,similar,onkologie,MII_PR_Onko_Anzahl_Befallene_Lymphknoten,https://www.medizininformatik-initiative.de/fhir/ext/modul-onko/StructureDefinition/mii-pr-onko-anzahl-befallene-lymphknoten,0.375,0.355,0.367,
kardiologie,2026.0.0-alpha.3,MII_PR_Kardio_EKG_Annotation,https://www.medizininformatik-initiative.de/fhir/ext/modul-kardio/StructureDefinition/mii-pr-kardio-ekg-annotation,similar,seltene,MII_PR_Seltene_Gestationsalter,https://www.medizininformatik-initiative.de/fhir/ext/modul-seltene/StructureDefinition/mii-pr-seltene-gestationsalter,0.278,0.5,0.367,
mikrobiologie,0.0.2,MII_PR_Mikrobio_MRE_Klasse,https://www.medizininformatik-initiative.de/fhir/modul-mikrobio/StructureDefinition/mre-klasse,similar,icu,MII_PR_ICU_Score_RASS,https://www.medizininformatik-initiative.de/fhir/ext/modul-icu/StructureDefinition/mii-pr-icu-score-rass,0.241,0.556,0.367,
mikrobiologie,0.0.2,MII_PR_Mikrobio_Keimzahl,https://www.medizininformatik-initiative.de/fhir/modul-mikrobio/StructureDefinition/keimzahl,similar,laborbefund,MII_PR_Labor_Laboruntersuchung,https://www.medizininformatik-initiative.de/fhir/core/modul-labor/StructureDefinition/ObservationLab,0.5,0.16,0.364,
molgen,2025.0.0-alpha2,MII_PR_MolGen_ErgebnisZusammenfassung,https://www.medizininformatik-initiative.de/fhir/ext/modul-molgen/StructureDefinition/ergebnis-zusammenfassung,similar,onkologie,MII_PR_Onko_Mamma_Menopausenstatus,https://www.medizininformatik-initiative.de/fhir/ext/modul-onko/StructureDefinition/mii-pr-onko-mamma-menopause-status,0.333,0.409,0.364,
mikrobiologie,0.0.2,MII_PR_Mikrobio_MRGN_Klasse,https://www.medizininformatik-initiative.de/fhir/modul-mikrobio/StructureDefinition/mrgn-klasse,similar,laborbefund,MII_PR_Labor_Laboruntersuchung,https://www.medizininformatik-initiative.de/fhir/core/modul-labor/StructureDefinition/ObservationLab,0.451,0.222,0.36,
icu,2026.0.2,MII_PR_ICU_Druckdifferenz_Beatmung,https://www.medizininformatik-initiative.de/fhir/ext/modul-icu/StructureDefinition/mii-pr-icu-druckdifferenz-beatmung,similar,kardiologie,MII_PR_Kardio_Score_Modifizierte_Rankin_Skala,https://www.medizininformatik-initiative.de/fhir/ext/modul-kardio/StructureDefinition/mii-pr-kardio-score-modifizierte-rankin-skala,0.357,0.36,0.358,
mikrobiologie,2026.0.0-alpha.1,MII_PR_Mikrobio_Spezifische_Kultur,https://www.medizininformatik-initiative.de/fhir/modul-mikrobio/StructureDefinition/mii-pr-mikrobio-spezifische-kultur,similar,mtb,MII_PR_MTB_Immunohistochemistry,https://www.medizininformatik-initiative.de/fhir/ext/modul-mtb/StructureDefinition/mii-pr-mtb-immunohistochemistry,0.308,0.432,0.358,
icu,2025.0.4,SD_MII_ICU_Mittlerer_Beatmungsdruck,https://www.medizininformatik-initiative.de/fhir/ext/modul-icu/StructureDefinition/mittlerer-beatmungsdruck,similar,kardiologie,MII_PR_Kardio_Score_Modifizierte_Rankin_Skala,https://www.medizininformatik-initiative.de/fhir/ext/modul-kardio/StructureDefinition/mii-pr-kardio-score-modifizierte-rankin-skala,0.333,0.392,0.357,
diagnose,0.9.2,Diagnose,https://www.medizininformatik-initiative.de/fhir/core/StructureDefinition/Diagnose,similar,base,MII_PR_Diagnose_Condition,https://www.medizininformatik-initiative.de/fhir/core/modul-diagnose/StructureDefinition/Diagnose,0.354,0.353,0.354,
onkologie,2024.0.0-ballot-alpha-1,MII_PR_Onko_Diagnose,https://www.medizininformatik-initiative.de/fhir/ext/modul-onko/StructureDefinition/mii-pr-onko-diagnose,similar,kardiologie,MII_PR_Kardio_Diagnose,https://www.medizininformatik-initiative.de/fhir/ext/modul-kardio/StructureDefinition/mii-pr-kardio-diagnose,0.028,0.833,0.35,
