module,old_version,new_version,resource_type,old_name,new_name,score,jaccard,name_similarity,old_url,new_url,second_best,confirmed
icu,2025.0.4,2026.0.0,Observation,SD_MII_ICU_Arterieller_Blutdruck,MII_PR_ICU_MUV_Arterieller_Blutdruck,0.956,1.0,0.853,https://www.medizininformatik-initiative.de/fhir/ext/modul-icu/StructureDefinition/arterieller-blutdruck,https://www.medizininformatik-initiative.de/fhir/ext/modul-icu/StructureDefinition/mii-pr-icu-muv-arterieller-blutdruck,https://www.medizininformatik-initiative.de/fhir/ext/modul-icu/StructureDefinition/mii-pr-icu-arterieller-blutdruck (0.86),
icu,2025.0.4,2026.0.0,Observation,SD_MII_ICU_Arterieller_Druck,MII_PR_ICU_Arterieller_Druck,0.968,1.0,0.893,https://www.medizininformatik-initiative.de/fhir/ext/modul-icu/StructureDefinition/arterieller-druck,https://www.medizininformatik-initiative.de/fhir/ext/modul-icu/StructureDefinition/mii-pr-icu-arterieller-druck,https://www.medizininformatik-initiative.de/fhir/ext/modul-icu/StructureDefinition/mii-pr-icu-ect-arterieller-druck (0.95),
icu,2025.0.4,2026.0.0,Observation,SD_MII_ICU_Atemfrequenz,MII_PR_ICU_Atemfrequenz,0.961,1.0,0.87,https://www.medizininformatik-initiative.de/fhir/ext/modul-icu/StructureDefinition/atemfrequenz,https://www.medizininformatik-initiative.de/fhir/ext/modul-icu/StructureDefinition/mii-pr-icu-atemfrequenz,https://www.medizininformatik-initiative.de/fhir/ext/modul-icu/StructureDefinition/mii-pr-icu-muv-atemfrequenz (0.94),
icu,2025.0.4,2026.0.0,Observation,SD_MII_ICU_Atemwegsdruck_Bei_Mitl_Exspiratorischem_Gasfluss,MII_PR_ICU_VENT_Atemwegsdruck_Bei_Mitl_Exspiratorischem_Gasfluss,0.973,1.0,0.911,https://www.medizininformatik-initiative.de/fhir/ext/modul-icu/StructureDefinition/atemwegsdruck-bei-mitl-exspiratorischem-gasfluss,https://www.medizininformatik-initiative.de/fhir/ext/modul-icu/StructureDefinition/mii-pr-icu-vent-atemwegsdruck-bei-mitl-exspiratorischem-gasfluss,https://www.medizininformatik-initiative.de/fhir/ext/modul-icu/StructureDefinition/mii-pr-icu-vent-atemwegsdruck-bei-null-exspiratorischem-gasfluss (0.96),
icu,2025.0.4,2026.0.0,Observation,SD_MII_ICU_Atemwegsdruck_Bei_Null_Exspiratorischem_Gasfluss,MII_PR_ICU_VENT_Atemwegsdruck_Bei_Null_Exspiratorischem_Gasfluss,0.973,1.0,0.911,https://www.medizininformatik-initiative.de/fhir/ext/modul-icu/StructureDefinition/atemwegsdruck-bei-null-exspiratorischem-gasfluss,https://www.medizininformatik-initiative.de/fhir/ext/modul-icu/StructureDefinition/mii-pr-icu-vent-atemwegsdruck-bei-null-exspiratorischem-gasfluss,https://www.medizininformatik-initiative.de/fhir/ext/modul-icu/StructureDefinition/mii-pr-icu-vent-atemwegsdruck-bei-mitl-exspiratorischem-gasfluss (0.96),
icu,2025.0.4,2026.0.0,Observation,SD_MII_ICU_Atemzugvolumen_Einstellung,MII_PR_ICU_VENT_Atemzugvolumen_Einstellung,0.958,1.0,0.861,https://www.medizininformatik-initiative.de/fhir/ext/modul-icu/StructureDefinition/atemzugvolumen-einstellung,https://www.medizininformatik-initiative.de/fhir/ext/modul-icu/StructureDefinition/mii-pr-icu-vent-atemzugvolumen-einstellung,https://www.medizininformatik-initiative.de/fhir/ext/modul-icu/StructureDefinition/mii-pr-icu-atemzugvolumen-einstellung (0.89),
icu,2025.0.4,2026.0.0,Observation,SD_MII_ICU_Atemzugvolumen_Waehrend_Beatmung,MII_PR_ICU_VENT_Atemzugvolumen_Waehrend_Beatmung,0.964,1.0,0.879,https://www.medizininformatik-initiative.de/fhir/ext/modul-icu/StructureDefinition/atemzugvolumen-waehrend-beatmung,https://www.medizininformatik-initiative.de/fhir/ext/modul-icu/StructureDefinition/mii-pr-icu-vent-atemzugvolumen-waehrend-beatmung,https://www.medizininformatik-initiative.de/fhir/ext/modul-icu/StructureDefinition/mii-pr-icu-atemzugvolumen-waehrend-beatmung (0.88),
icu,2025.0.4,2026.0.0,Procedure,SD_MII_ICU_Beatmung,MII_PR_ICU_VENT_Beatmung,0.923,1.0,0.744,https://www.medizininformatik-initiative.de/fhir/ext/modul-icu/StructureDefinition/beatmung,https://www.medizininformatik-initiative.de/fhir/ext/modul-icu/StructureDefinition/mii-pr-icu-vent-beatmung,https://www.medizininformatik-initiative.de/fhir/ext/modul-icu/StructureDefinition/mii-pr-icu-beatmung (0.83),
icu,2025.0.4,2026.0.0,Observation,SD_MII_ICU_Beatmungsvolumen_Pro_Minute_Maschineller,MII_PR_ICU_VENT_Beatmungsvolumen_Pro_Minute_Maschineller,0.969,1.0,0.897,https://www.medizininformatik-initiative.de/fhir/ext/modul-icu/StructureDefinition/beatmungsvolumen-pro-minute-maschineller,https://www.medizininformatik-initiative.de/fhir/ext/modul-icu/StructureDefinition/mii-pr-icu-vent-beatmungsvolumen-pro-minute-maschineller,https://www.medizininformatik-initiative.de/fhir/ext/modul-icu/StructureDefinition/mii-pr-icu-beatmungsvolumen-pro-minute-maschineller-beatmung (0.86),
icu,2025.0.4,2026.0.0,Observation,SD_MII_ICU_Beatmungszeit_Hohem_Druck,MII_PR_ICU_VENT_Beatmungszeit_Hohem_Druck,0.957,1.0,0.857,https://www.medizininformatik-initiative.de/fhir/ext/modul-icu/StructureDefinition/beatmungszeit-hohem-druck,https://www.medizininformatik-initiative.de/fhir/ext/modul-icu/StructureDefinition/mii-pr-icu-vent-beatmungszeit-hohem-druck,https://www.medizininformatik-initiative.de/fhir/ext/modul-icu/StructureDefinition/mii-pr-icu-vent-beatmungszeit-niedrigem-druck (0.92),
icu,2025.0.4,2026.0.0,Observation,SD_MII_ICU_Beatmungszeit_Niedrigem_Druck,MII_PR_ICU_VENT_Beatmungszeit_Niedrigem_Druck,0.961,1.0,0.871,https://www.medizininformatik-initiative.de/fhir/ext/modul-icu/StructureDefinition/beatmungszeit-niedrigem-druck,https://www.medizininformatik-initiative.de/fhir/ext/modul-icu/StructureDefinition/mii-pr-icu-vent-beatmungszeit-niedrigem-druck,https://www.medizininformatik-initiative.de/fhir/ext/modul-icu/StructureDefinition/mii-pr-icu-vent-beatmungszeit-hohem-druck (0.92),
icu,2025.0.4,2026.0.0,Observation,SD_MII_ICU_Bilanz,MII_PR_ICU_Bilanz,0.947,1.0,0.824,https://www.medizininformatik-initiative.de/fhir/ext/modul-icu/StructureDefinition/bilanz,https://www.medizininformatik-initiative.de/fhir/ext/modul-icu/StructureDefinition/mii-pr-icu-bilanz,https://www.medizininformatik-initiative.de/fhir/ext/modul-icu/StructureDefinition/mii-pr-icu-parameter-von-beatmung (0.52),
icu,2025.0.4,2026.0.0,Observation,SD_MII_ICU_Bilanz_Abnahme_Haemofiltration_Einzelmesswerte,MII_PR_ICU_Bilanz_Einfuhr_Oraler_Fluesse,0.848,1.0,0.495,https://www.medizininformatik-initiative.de/fhir/ext/modul-icu/StructureDefinition/bilanz-abnahme-haemofiltration-einzelmesswerte,https://www.medizininformatik-initiative.de/fhir/ext/modul-icu/StructureDefinition/mii-pr-icu-bilanz-einfuhr-oraler-fluesse,https://www.medizininformatik-initiative.de/fhir/ext/modul-icu/StructureDefinition/mii-pr-icu-bilanz-einfuhr-enterale-fluesse (0.85),
icu,2025.0.4,2026.0.0,Observation,SD_MII_ICU_Bilanz_Ausfuhr_Drainage_Generisch,MII_PR_ICU_Bilanz_Ausfuhr_Drainage_Generisch,0.746,0.667,0.932,https://www.medizininformatik-initiative.de/fhir/ext/modul-icu/StructureDefinition/bilanz-ausfuhr-drainage-generisch,https://www.medizininformatik-initiative.de/fhir/ext/modul-icu/StructureDefinition/mii-pr-icu-bilanz-ausfuhr-drainage-generisch,https://www.medizininformatik-initiative.de/fhir/ext/modul-icu/StructureDefinition/mii-pr-icu-bilanz-ausfuhr-drainage-wund (0.74),
icu,2025.0.4,2026.0.0,Observation,SD_MII_ICU_Bilanz_Ausfuhr_Drainage_OP,MII_PR_ICU_Bilanz_Ausfuhr_Drainage_OP,0.976,1.0,0.919,https://www.medizininformatik-initiative.de/fhir/ext/modul-icu/StructureDefinition/bilanz-ausfuhr-drainage-op,https://www.medizininformatik-initiative.de/fhir/ext/modul-icu/StructureDefinition/mii-pr-icu-bilanz-ausfuhr-drainage-op,https://www.medizininformatik-initiative.de/fhir/ext/modul-icu/StructureDefinition/mii-pr-icu-bilanz-ausfuhr-drainage-wund (0.95),
icu,2025.0.4,2026.0.0,Observation,SD_MII_ICU_Bilanz_Ausfuhr_Drainage_Wund,MII_PR_ICU_Bilanz_Ausfuhr_Drainage_Wund,0.977,1.0,0.923,https://www.medizininformatik-initiative.de/fhir/ext/modul-icu/StructureDefinition/bilanz-ausfuhr-drainage-wund,https://www.medizininformatik-initiative.de/fhir/ext/modul-icu/StructureDefinition/mii-pr-icu-bilanz-ausfuhr-drainage-wund,https://www.medizininformatik-initiative.de/fhir/ext/modul-icu/StructureDefinition/mii-pr-icu-bilanz-ausfuhr-drainage-op (0.95),
icu,2025.0.4,2026.0.0,Observation,SD_MII_ICU_Bilanz_Ausfuhr_Fluessigkeit_Gesamt,MII_PR_ICU_Bilanz_Einfuhr_Oraler_Fluesse,0.891,1.0,0.635,https://www.medizininformatik-initiative.de/fhir/ext/modul-icu/StructureDefinition/bilanz-ausfuhr-fluessigkeit-gesamt,https://www.medizininformatik-initiative.de/fhir/ext/modul-icu/StructureDefinition/mii-pr-icu-bilanz-einfuhr-oraler-fluesse,https://www.medizininformatik-initiative.de/fhir/ext/modul-icu/StructureDefinition/mii-pr-icu-bilanz-einfuhr-enterale-fluesse (0.89),
icu,2025.0.4,2026.0.0,Observation,SD_MII_ICU_Bilanz_Ausfuhr_Gallenfluessigkeit,MII_PR_ICU_Bilanz_Einfuhr_Oraler_Fluesse,0.907,1.0,0.69,https://www.medizininformatik-initiative.de/fhir/ext/modul-icu/StructureDefinition/bilanz-ausfuhr-gallenfluessigkeit,https://www.medizininformatik-initiative.de/fhir/ext/modul-icu/StructureDefinition/mii-pr-icu-bilanz-einfuhr-oraler-fluesse,https://www.medizininformatik-initiative.de/fhir/ext/modul-icu/StructureDefinition/mii-pr-icu-bilanz-einfuhr-enterale-fluesse (0.90),
icu,2025.0.4,2026.0.0,Observation,SD_MII_ICU_Bilanz_Ausfuhr_Gallengang,MII_PR_ICU_Bilanz_Ausfuhr_Drainage_Wund,0.908,1.0,0.693,https://www.medizininformatik-initiative.de/fhir/ext/modul-icu/StructureDefinition/bilanz-ausfuhr-gallengang,https://www.medizininformatik-initiative.de/fhir/ext/modul-icu/StructureDefinition/mii-pr-icu-bilanz-ausfuhr-drainage-wund,https://www.medizininformatik-initiative.de/fhir/ext/modul-icu/StructureDefinition/mii-pr-icu-bilanz-ausfuhr-drainage-op (0.91),
icu,2025.0.4,2026.0.0,Observation,SD_MII_ICU_Bilanz_Ausfuhr_Magensonde,MII_PR_ICU_Bilanz_Ausfuhr_Drainage_Wund,0.924,1.0,0.747,https://www.medizininformatik-initiative.de/fhir/ext/modul-icu/StructureDefinition/bilanz-ausfuhr-magensonde,https://www.medizininformatik-initiative.de/fhir/ext/modul-icu/StructureDefinition/mii-pr-icu-bilanz-ausfuhr-drainage-wund,https://www.medizininformatik-initiative.de/fhir/ext/modul-icu/StructureDefinition/mii-pr-icu-bilanz-ausfuhr-drainage-op (0.91),
icu,2025.0.4,2026.0.0,Observation,SD_MII_ICU_Bilanz_Ausfuhr_Opdrainage,MII_PR_ICU_Bilanz_Ausfuhr_Drainage_OP,0.947,1.0,0.822,https://www.medizininformatik-initiative.de/fhir/ext/modul-icu/StructureDefinition/bilanz-ausfuhr-opdrainage,https://www.medizininformatik-initiative.de/fhir/ext/modul-icu/StructureDefinition/mii-pr-icu-bilanz-ausfuhr-drainage-op,https://www.medizininformatik-initiative.de/fhir/ext/modul-icu/StructureDefinition/mii-pr-icu-bilanz-ausfuhr-drainage-wund (0.94),
icu,2025.0.4,2026.0.0,Observation,SD_MII_ICU_Bilanz_Ausfuhr_Pankreasdrainage,MII_PR_ICU_Bilanz_Ausfuhr_Pankreasdrainage,0.862,0.833,0.929,https://www.medizininformatik-initiative.de/fhir/ext/modul-icu/StructureDefinition/bilanz-ausfuhr-pankreasdrainage,https://www.medizininformatik-initiative.de/fhir/ext/modul-icu/StructureDefinition/mii-pr-icu-bilanz-ausfuhr-pankreasdrainage,https://www.medizininformatik-initiative.de/fhir/ext/modul-icu/StructureDefinition/mii-pr-icu-bilanz-ausfuhr-wunddrainage (0.74),
icu,2025.0.4,2026.0.0,Observation,SD_MII_ICU_Bilanz_Ausfuhr_Stuhlgang,MII_PR_ICU_Bilanz_Ausfuhr_Drainage_Wund,0.903,1.0,0.676,https://www.medizininformatik-initiative.de/fhir/ext/modul-icu/StructureDefinition/bilanz-ausfuhr-stuhlgang,https://www.medizininformatik-initiative.de/fhir/ext/modul-icu/StructureDefinition/mii-pr-icu-bilanz-ausfuhr-drainage-wund,https://www.medizininformatik-initiative.de/fhir/ext/modul-icu/StructureDefinition/mii-pr-icu-bilanz-ausfuhr-drainage-op (0.90),
icu,2025.0.4,2026.0.0,Observation,SD_MII_ICU_Bilanz_Ausfuhr_Urin,MII_PR_ICU_Bilanz_Ausfuhr_Urin,0.87,0.857,0.9,https://www.medizininformatik-initiative.de/fhir/ext/modul-icu/StructureDefinition/bilanz-ausfuhr-urin,https://www.medizininformatik-initiative.de/fhir/ext/modul-icu/StructureDefinition/mii-pr-icu-bilanz-ausfuhr-urin,https://www.medizininformatik-initiative.de/fhir/ext/modul-icu/StructureDefinition/mii-pr-icu-bilanz-gesamte-tages-bilanz (0.87),
icu,2025.0.4,2026.0.0,Observation,SD_MII_ICU_Bilanz_Ausfuhr_Wunddrainage,MII_PR_ICU_Bilanz_Ausfuhr_Wunddrainage,0.876,0.857,0.921,https://www.medizininformatik-initiative.de/fhir/ext/modul-icu/StructureDefinition/bilanz-ausfuhr-wunddrainage,https://www.medizininformatik-initiative.de/fhir/ext/modul-icu/StructureDefinition/mii-pr-icu-bilanz-ausfuhr-wunddrainage,https://www.medizininformatik-initiative.de/fhir/ext/modul-icu/StructureDefinition/mii-pr-icu-bilanz-gesamte-tages-bilanz (0.86),
icu,2025.0.4,2026.0.0,Observation,SD_MII_ICU_Bilanz_Blutverlust,MII_PR_ICU_Bilanz_Einfuhr_Oraler_Fluesse,0.865,1.0,0.551,https://www.medizininformatik-initiative.de/fhir/ext/modul-icu/StructureDefinition/bilanz-blutverlust,https://www.medizininformatik-initiative.de/fhir/ext/modul-icu/StructureDefinition/mii-pr-icu-bilanz-einfuhr-oraler-fluesse,https://www.medizininformatik-initiative.de/fhir/ext/modul-icu/StructureDefinition/mii-pr-icu-bilanz-einfuhr-enterale-fluesse (0.86),
icu,2025.0.4,2026.0.0,Observation,SD_MII_ICU_Bilanz_Einfuhr_Enterale_Fluesse,MII_PR_ICU_Bilanz_Einfuhr_Enterale_Fluesse,0.979,1.0,0.929,https://www.medizininformatik-initiative.de/fhir/ext/modul-icu/StructureDefinition/bilanz-einfuhr-enterale-fluesse,https://www.medizininformatik-initiative.de/fhir/ext/modul-icu/StructureDefinition/mii-pr-icu-bilanz-einfuhr-enterale-fluesse,https://www.medizininformatik-initiative.de/fhir/ext/modul-icu/StructureDefinition/mii-pr-icu-bilanz-einfuhr-oraler-fluesse (0.96),
icu,2025.0.4,2026.0.0,Observation,SD_MII_ICU_Bilanz_Einfuhr_Enterale_Fluessigkeit,MII_PR_ICU_Bilanz_Einfuhr_Enterale_Fluesse,0.963,1.0,0.876,https://www.medizininformatik-initiative.de/fhir/ext/modul-icu/StructureDefinition/bilanz-einfuhr-enterale-fluessigkeit,https://www.medizininformatik-initiative.de/fhir/ext/modul-icu/StructureDefinition/mii-pr-icu-bilanz-einfuhr-enterale-fluesse,https://www.medizininformatik-initiative.de/fhir/ext/modul-icu/StructureDefinition/mii-pr-icu-bilanz-einfuhr-oraler-fluesse (0.94),
icu,2025.0.4,2026.0.0,Observation,SD_MII_ICU_Bilanz_Einfuhr_Fluessigkeit_Gesamt,MII_PR_ICU_Bilanz_Einfuhr_Fluessigkeit_Gesamt,0.863,0.833,0.933,https://www.medizininformatik-initiative.de/fhir/ext/modul-icu/StructureDefinition/bilanz-einfuhr-fluessigkeit-gesamt,https://www.medizininformatik-initiative.de/fhir/ext/modul-icu/StructureDefinition/mii-pr-icu-bilanz-einfuhr-fluessigkeit-gesamt,https://www.medizininformatik-initiative.de/fhir/ext/modul-icu/StructureDefinition/mii-pr-icu-bilanz-ausfuhr-fluessigkeit-gesamt (0.76),
icu,2025.0.4,2026.0.0,Observation,SD_MII_ICU_Bilanz_Einfuhr_Oraler_Fluesse,MII_PR_ICU_Bilanz_Einfuhr_Oraler_Fluesse,0.978,1.0,0.925,https://www.medizininformatik-initiative.de/fhir/ext/modul-icu/StructureDefinition/bilanz-einfuhr-oraler-fluesse,https://www.medizininformatik-initiative.de/fhir/ext/modul-icu/StructureDefinition/mii-pr-icu-bilanz-einfuhr-oraler-fluesse,https://www.medizininformatik-initiative.de/fhir/ext/modul-icu/StructureDefinition/mii-pr-icu-bilanz-einfuhr-enterale-fluesse (0.96),
icu,2025.0.4,2026.0.0,Observation,SD_MII_ICU_Bilanz_Einfuhr_Oraler_Fluessigkeit,MII_PR_ICU_Bilanz_Einfuhr_Oraler_Fluessigkeit,0.88,0.857,0.933,https://www.medizininformatik-initiative.de/fhir/ext/modul-icu/StructureDefinition/bilanz-einfuhr-oraler-fluessigkeit,https://www.medizininformatik-initiative.de/fhir/ext/modul-icu/StructureDefinition/mii-pr-icu-bilanz-einfuhr-oraler-fluessigkeit,https://www.medizininformatik-initiative.de/fhir/ext/modul-icu/StructureDefinition/mii-pr-icu-bilanz-einfuhr-oraler-fluesse (0.86),
icu,2025.0.4,2026.0.0,Observation,SD_MII_ICU_Bilanz_Gesamte_Ausfuhr,MII_PR_ICU_Bilanz_Ausfuhr_Drainage_OP,0.889,1.0,0.629,https://www.medizininformatik-initiative.de/fhir/ext/modul-icu/StructureDefinition/bilanz-gesamte-ausfuhr,https://www.medizininformatik-initiative.de/fhir/ext/modul-icu/StructureDefinition/mii-pr-icu-bilanz-ausfuhr-drainage-op,https://www.medizininformatik-initiative.de/fhir/ext/modul-icu/StructureDefinition/mii-pr-icu-bilanz-ausfuhr-drainage-wund (0.88),
icu,2025.0.4,2026.0.0,Observation,SD_MII_ICU_Bilanz_Gesamte_Einfuhr,MII_PR_ICU_Bilanz_Einfuhr_Oraler_Fluesse,0.881,1.0,0.603,https://www.medizininformatik-initiative.de/fhir/ext/modul-icu/StructureDefinition/bilanz-gesamte-einfuhr,https://www.medizininformatik-initiative.de/fhir/ext/modul-icu/StructureDefinition/mii-pr-icu-bilanz-einfuhr-oraler-fluesse,https://www.medizininformatik-initiative.de/fhir/ext/modul-icu/StructureDefinition/mii-pr-icu-bilanz-einfuhr-enterale-fluesse (0.88),
icu,2025.0.4,2026.0.0,Observation,SD_MII_ICU_Bilanz_Gesamte_Tages_Bilanz,MII_PR_ICU_Bilanz_Gesamte_Tages_Bilanz,0.876,0.857,0.921,https://www.medizininformatik-initiative.de/fhir/ext/modul-icu/StructureDefinition/bilanz-gesamte-tages-bilanz,https://www.medizininformatik-initiative.de/fhir/ext/modul-icu/StructureDefinition/mii-pr-icu-bilanz-gesamte-tages-bilanz,https://www.medizininformatik-initiative.de/fhir/ext/modul-icu/StructureDefinition/mii-pr-icu-bilanz-ausfuhr-drainage-wund (0.87),
icu,2025.0.4,2026.0.0,Observation,SD_MII_ICU_Blutfluss_Cardiovasculaeres_Geraet,MII_PR_ICU_ECT_Blutfluss_Cardiovasculaeres_Geraet,0.968,1.0,0.894,https://www.medizininformatik-initiative.de/fhir/ext/modul-icu/StructureDefinition/blutfluss-cardiovasculaeres-geraet,https://www.medizininformatik-initiative.de/fhir/ext/modul-icu/StructureDefinition/mii-pr-icu-ect-blutfluss-cardiovasculaeres-geraet,https://www.medizininformatik-initiative.de/fhir/ext/modul-icu/StructureDefinition/mii-pr-icu-ect-blutfluss-extrakorporaler-gasaustausch (0.85),
icu,2025.0.4,2026.0.0,Observation,SD_MII_ICU_Blutfluss_Extrakorporaler_Gasaustausch,MII_PR_ICU_ECT_Blutfluss_Extrakorporaler_Gasaustausch,0.971,1.0,0.902,https://www.medizininformatik-initiative.de/fhir/ext/modul-icu/StructureDefinition/blutfluss-extrakorporaler-gasaustausch,https://www.medizininformatik-initiative.de/fhir/ext/modul-icu/StructureDefinition/mii-pr-icu-ect-blutfluss-extrakorporaler-gasaustausch,https://www.medizininformatik-initiative.de/fhir/ext/modul-icu/StructureDefinition/mii-pr-icu-blutfluss-extrakorporaler-gasaustausch (0.84),
icu,2025.0.4,2026.0.0,Observation,SD_MII_ICU_Blutflussindex_Extrakorporaler_Gasaustausch,MII_PR_ICU_ECT_Blutflussindex_Extrakorporaler_Gasaustausch,0.973,1.0,0.911,https://www.medizininformatik-initiative.de/fhir/ext/modul-icu/StructureDefinition/blutflussindex-extrakorporaler-gasaustausch,https://www.medizininformatik-initiative.de/fhir/ext/modul-icu/StructureDefinition/mii-pr-icu-ect-blutflussindex-extrakorporaler-gasaustausch,https://www.medizininformatik-initiative.de/fhir/ext/modul-icu/StructureDefinition/mii-pr-icu-ect-dauer-extrakorporaler-gasaustausch (0.93),
icu,2025.0.4,2026.0.0,Observation,SD_MII_ICU_Dauer_Extrakorporaler_Gasaustausch,MII_PR_ICU_ECT_Dauer_Extrakorporaler_Gasaustausch,0.968,1.0,0.894,https://www.medizininformatik-initiative.de/fhir/ext/modul-icu/StructureDefinition/dauer-extrakorporaler-gasaustausch,https://www.medizininformatik-initiative.de/fhir/ext/modul-icu/StructureDefinition/mii-pr-icu-ect-dauer-extrakorporaler-gasaustausch,https://www.medizininformatik-initiative.de/fhir/ext/modul-icu/StructureDefinition/mii-pr-icu-ect-blutflussindex-extrakorporaler-gasaustausch (0.93),
icu,2025.0.4,2026.0.0,Observation,SD_MII_ICU_Dauer_Haemodialysesitzung,MII_PR_ICU_ECT_Dauer_Haemodialysesitzung,0.961,1.0,0.868,https://www.medizininformatik-initiative.de/fhir/ext/modul-icu/StructureDefinition/dauer-haemodialysesitzung,https://www.medizininformatik-initiative.de/fhir/ext/modul-icu/StructureDefinition/mii-pr-icu-ect-dauer-haemodialysesitzung,https://www.medizininformatik-initiative.de/fhir/ext/modul-icu/StructureDefinition/mii-pr-icu-ect-haemodialyse-blutfluss (0.88),
icu,2025.0.4,2026.0.0,DeviceMetric,SD_MII_ICU_Devicemetric_Eingestellte_Gemessene_Parameter_Beatmung,MII_PR_ICU_Devicemetric_Eingestellte_Gemessene_Parameter_Beatmung,0.986,1.0,0.954,https://www.medizininformatik-initiative.de/fhir/ext/modul-icu/StructureDefinition/devicemetric-eingestellte-gemessene-parameter-beatmung,https://www.medizininformatik-initiative.de/fhir/ext/modul-icu/StructureDefinition/mii-pr-icu-devicemetric-eingestellte-gemessene-parameter-beatmung,https://www.medizininformatik-initiative.de/fhir/ext/modul-icu/StructureDefinition/mii-pr-icu-vent-devicemetric-eingestellte-gemessene-parameter-beatmung (0.98),
icu,2025.0.4,2026.0.0,DeviceMetric,SD_MII_ICU_Devicemetric_Eingestellte_Gemessene_Parameter_Extrakorporale_Verfahren,MII_PR_ICU_Devicemetric_Eingestellte_Gemessene_Parameter_Extrakorporale_Verfahren,0.989,1.0,0.963,https://www.medizininformatik-initiative.de/fhir/ext/modul-icu/StructureDefinition/devicemetric-eingestellte-gemessene-parameter-extrakorporale-verfahren,https://www.medizininformatik-initiative.de/fhir/ext/modul-icu/StructureDefinition/mii-pr-icu-devicemetric-eingestellte-gemessene-parameter-extrakorporale-verfahren,https://www.medizininformatik-initiative.de/fhir/ext/modul-icu/StructureDefinition/mii-pr-icu-ect-devicemetric-eingestellte-gemessene-parameter-extrakorporale-verfahren (0.98),
icu,2025.0.4,2026.0.0,Observation,SD_MII_ICU_Druckdifferenz_Beatmung,MII_PR_ICU_VENT_Druckdifferenz_Beatmung,0.955,1.0,0.849,https://www.medizininformatik-initiative.de/fhir/ext/modul-icu/StructureDefinition/druckdifferenz-beatmung,https://www.medizininformatik-initiative.de/fhir/ext/modul-icu/StructureDefinition/mii-pr-icu-vent-druckdifferenz-beatmung,https://www.medizininformatik-initiative.de/fhir/ext/modul-icu/StructureDefinition/mii-pr-icu-druckdifferenz-beatmung (0.87),
icu,2025.0.4,2026.0.0,Observation,SD_MII_ICU_Dynamische_Kompliance,MII_PR_ICU_VENT_Dynamische_Kompliance,0.952,1.0,0.841,https://www.medizininformatik-initiative.de/fhir/ext/modul-icu/StructureDefinition/dynamische-kompliance,https://www.medizininformatik-initiative.de/fhir/ext/modul-icu/StructureDefinition/mii-pr-icu-vent-dynamische-kompliance,https://www.medizininformatik-initiative.de/fhir/ext/modul-icu/StructureDefinition/mii-pr-icu-dynamische-kompliance (0.87),
icu,2025.0.4,2026.0.0,Observation,SD_MII_ICU_Eingestellter_Inspiratorischer_Gasfluss,MII_PR_ICU_VENT_Eingestellter_Inspiratorischer_Gasfluss,0.969,1.0,0.895,https://www.medizininformatik-initiative.de/fhir/ext/modul-icu/StructureDefinition/eingestellter-inspiratorischer-gasfluss,https://www.medizininformatik-initiative.de/fhir/ext/modul-icu/StructureDefinition/mii-pr-icu-vent-eingestellter-inspiratorischer-gasfluss,https://www.medizininformatik-initiative.de/fhir/ext/modul-icu/StructureDefinition/mii-pr-icu-vent-inspiratorischer-gasfluss (0.84),
icu,2025.0.4,2026.0.0,Observation,SD_MII_ICU_Einstellung_Ausatmungszeit_Beatmung,MII_PR_ICU_Einstellung_Ausatmungszeit_Beatmung,0.98,1.0,0.935,https://www.medizininformatik-initiative.de/fhir/ext/modul-icu/StructureDefinition/einstellung-ausatmungszeit-beatmung,https://www.medizininformatik-initiative.de/fhir/ext/modul-icu/StructureDefinition/mii-pr-icu-einstellung-ausatmungszeit-beatmung,https://www.medizininformatik-initiative.de/fhir/ext/modul-icu/StructureDefinition/mii-pr-icu-vent-einstellung-ausatmungszeit-beatmung (0.97),
icu,2025.0.4,2026.0.0,Observation,SD_MII_ICU_Einstellung_Einatmungszeit_Beatmung,MII_PR_ICU_Einstellung_Einatmungszeit_Beatmung,0.98,1.0,0.935,https://www.medizininformatik-initiative.de/fhir/ext/modul-icu/StructureDefinition/einstellung-einatmungszeit-beatmung,https://www.medizininformatik-initiative.de/fhir/ext/modul-icu/StructureDefinition/mii-pr-icu-einstellung-einatmungszeit-beatmung,https://www.medizininformatik-initiative.de/fhir/ext/modul-icu/StructureDefinition/mii-pr-icu-vent-einstellung-einatmungszeit-beatmung (0.97),
icu,2025.0.4,2026.0.0,Observation,SD_MII_ICU_Endexspiratorischer_Kohlendioxidpartialdruck,MII_PR_ICU_VENT_Endexspiratorischer_Kohlendioxidpartialdruck,0.971,1.0,0.904,https://www.medizininformatik-initiative.de/fhir/ext/modul-icu/StructureDefinition/endexspiratorischer-kohlendioxidpartialdruck,https://www.medizininformatik-initiative.de/fhir/ext/modul-icu/StructureDefinition/mii-pr-icu-vent-endexspiratorischer-kohlendioxidpartialdruck,https://www.medizininformatik-initiative.de/fhir/ext/modul-icu/StructureDefinition/mii-pr-icu-vent-exspiratorischer-sauerstoffpartialdruck (0.91),
icu,2025.0.4,2026.0.0,Observation,SD_MII_ICU_Exspiratorischer_Gasfluss,MII_PR_ICU_VENT_Exspiratorischer_Gasfluss,0.957,1.0,0.857,https://www.medizininformatik-initiative.de/fhir/ext/modul-icu/StructureDefinition/exspiratorischer-gasfluss,https://www.medizininformatik-initiative.de/fhir/ext/modul-icu/StructureDefinition/mii-pr-icu-vent-exspiratorischer-gasfluss,https://www.medizininformatik-initiative.de/fhir/ext/modul-icu/StructureDefinition/mii-pr-icu-vent-inspiratorischer-gasfluss (0.95),
icu,2025.0.4,2026.0.0,Observation,SD_MII_ICU_Exspiratorischer_Sauerstoffpartialdruck,MII_PR_ICU_VENT_Exspiratorischer_Sauerstoffpartialdruck,0.969,1.0,0.895,https://www.medizininformatik-initiative.de/fhir/ext/modul-icu/StructureDefinition/exspiratorischer-sauerstoffpartialdruck,https://www.medizininformatik-initiative.de/fhir/ext/modul-icu/StructureDefinition/mii-pr-icu-vent-exspiratorischer-sauerstoffpartialdruck,https://www.medizininformatik-initiative.de/fhir/ext/modul-icu/StructureDefinition/mii-pr-icu-vent-endexspiratorischer-kohlendioxidpartialdruck (0.91),
icu,2025.0.4,2026.0.0,Procedure,SD_MII_ICU_Extrakorporales_Verfahren,MII_PR_ICU_ECT_Extrakorporales_Verfahren,0.961,1.0,0.868,https://www.medizininformatik-initiative.de/fhir/ext/modul-icu/StructureDefinition/extrakorporales-verfahren,https://www.medizininformatik-initiative.de/fhir/ext/modul-icu/StructureDefinition/mii-pr-icu-ect-extrakorporales-verfahren,https://www.medizininformatik-initiative.de/fhir/ext/modul-icu/StructureDefinition/mii-pr-icu-extrakorporales-verfahren (0.76),
icu,2025.0.4,2026.0.0,Observation,SD_MII_ICU_Gasfluss,MII_PR_ICU_Gasfluss,0.953,1.0,0.842,https://www.medizininformatik-initiative.de/fhir/ext/modul-icu/StructureDefinition/gasfluss,https://www.medizininformatik-initiative.de/fhir/ext/modul-icu/StructureDefinition/mii-pr-icu-gasfluss,https://www.medizininformatik-initiative.de/fhir/ext/modul-icu/StructureDefinition/mii-pr-icu-ect-gasfluss (0.93),
icu,2025.0.4,2026.0.0,Observation,SD_MII_ICU_Haemodialyse_Blutfluss,MII_PR_ICU_ECT_Haemodialyse_Blutfluss,0.957,1.0,0.857,https://www.medizininformatik-initiative.de/fhir/ext/modul-icu/StructureDefinition/haemodialyse-blutfluss,https://www.medizininformatik-initiative.de/fhir/ext/modul-icu/StructureDefinition/mii-pr-icu-ect-haemodialyse-blutfluss,https://www.medizininformatik-initiative.de/fhir/ext/modul-icu/StructureDefinition/mii-pr-icu-haemodialyse-blutfluss (0.87),
icu,2025.0.4,2026.0.0,Observation,SD_MII_ICU_Herzfrequenz,MII_PR_ICU_Herzfrequenz,0.961,1.0,0.87,https://www.medizininformatik-initiative.de/fhir/ext/modul-icu/StructureDefinition/herzfrequenz,https://www.medizininformatik-initiative.de/fhir/ext/modul-icu/StructureDefinition/mii-pr-icu-herzfrequenz,https://www.medizininformatik-initiative.de/fhir/ext/modul-icu/StructureDefinition/mii-pr-icu-muv-herzfrequenz (0.94),
icu,2025.0.4,2026.0.0,Observation,SD_MII_ICU_Horowitz_In_Arteriellem_Blut,MII_PR_ICU_VENT_Horowitz_In_Arteriellem_Blut,0.96,1.0,0.867,https://www.medizininformatik-initiative.de/fhir/ext/modul-icu/StructureDefinition/horowitz-in-arteriellem-blut,https://www.medizininformatik-initiative.de/fhir/ext/modul-icu/StructureDefinition/mii-pr-icu-vent-horowitz-in-arteriellem-blut,https://www.medizininformatik-initiative.de/fhir/ext/modul-icu/StructureDefinition/mii-pr-icu-horowitz-in-arteriellem-blut (0.80),
icu,2025.0.4,2026.0.0,Device,SD_MII_ICU_Icu_Device,MII_PR_ICU_Device,0.921,1.0,0.737,https://www.medizininformatik-initiative.de/fhir/ext/modul-icu/StructureDefinition/icu-device,https://www.medizininformatik-initiative.de/fhir/ext/modul-icu/StructureDefinition/mii-pr-icu-icu-device,,
icu,2025.0.4,2026.0.0,Observation,SD_MII_ICU_Inspiratorische_Sauerstofffraktion,MII_PR_ICU_VENT_Inspiratorische_Sauerstofffraktion,0.965,1.0,0.884,https://www.medizininformatik-initiative.de/fhir/ext/modul-icu/StructureDefinition/inspiratorische-sauerstofffraktion,https://www.medizininformatik-initiative.de/fhir/ext/modul-icu/StructureDefinition/mii-pr-icu-vent-inspiratorische-sauerstofffraktion,https://www.medizininformatik-initiative.de/fhir/ext/modul-icu/StructureDefinition/mii-pr-icu-vent-inspiratorische-sauerstofffraktion-gemessen (0.94),
icu,2025.0.4,2026.0.0,Observation,SD_MII_ICU_Inspiratorische_Sauerstofffraktion_Eingestellt,MII_PR_ICU_VENT_Inspiratorische_Sauerstofffraktion_Eingestellt,0.972,1.0,0.908,https://www.medizininformatik-initiative.de/fhir/ext/modul-icu/StructureDefinition/inspiratorische-sauerstofffraktion-eingestellt,https://www.medizininformatik-initiative.de/fhir/ext/modul-icu/StructureDefinition/mii-pr-icu-vent-inspiratorische-sauerstofffraktion-eingestellt,https://www.medizininformatik-initiative.de/fhir/ext/modul-icu/StructureDefinition/mii-pr-icu-vent-inspiratorische-sauerstofffraktion-gemessen (0.94),
icu,2025.0.4,2026.0.0,Observation,SD_MII_ICU_Inspiratorische_Sauerstofffraktion_Gemessen,MII_PR_ICU_VENT_Inspiratorische_Sauerstofffraktion_Gemessen,0.971,1.0,0.903,https://www.medizininformatik-initiative.de/fhir/ext/modul-icu/StructureDefinition/inspiratorische-sauerstofffraktion-gemessen,https://www.medizininformatik-initiative.de/fhir/ext/modul-icu/StructureDefinition/mii-pr-icu-vent-inspiratorische-sauerstofffraktion-gemessen,https://www.medizininformatik-initiative.de/fhir/ext/modul-icu/StructureDefinition/mii-pr-icu-vent-inspiratorische-sauerstofffraktion (0.94),
icu,2025.0.4,2026.0.0,Observation,SD_MII_ICU_Inspiratorischer_Gasfluss,MII_PR_ICU_VENT_Inspiratorischer_Gasfluss,0.957,1.0,0.857,https://www.medizininformatik-initiative.de/fhir/ext/modul-icu/StructureDefinition/inspiratorischer-gasfluss,https://www.medizininformatik-initiative.de/fhir/ext/modul-icu/StructureDefinition/mii-pr-icu-vent-inspiratorischer-gasfluss,https://www.medizininformatik-initiative.de/fhir/ext/modul-icu/StructureDefinition/mii-pr-icu-vent-exspiratorischer-gasfluss (0.94),
icu,2025.0.4,2026.0.0,Observation,SD_MII_ICU_Ionisiertes_Kalzium_Nierenersatzverfahren,MII_PR_ICU_ECT_Ionisiertes_Kalzium_Nierenersatzverfahren,0.972,1.0,0.907,https://www.medizininformatik-initiative.de/fhir/ext/modul-icu/StructureDefinition/ionisiertes-kalzium-nierenersatzverfahren,https://www.medizininformatik-initiative.de/fhir/ext/modul-icu/StructureDefinition/mii-pr-icu-ect-ionisiertes-kalzium-nierenersatzverfahren,https://www.medizininformatik-initiative.de/fhir/ext/modul-icu/StructureDefinition/mii-pr-icu-ionisiertes-kalzium-nierenersatzverfahren (0.90),
icu,2025.0.4,2026.0.0,Observation,SD_MII_ICU_Koerpergewicht,MII_PR_ICU_Koerpergewicht,0.964,1.0,0.88,https://www.medizininformatik-initiative.de/fhir/ext/modul-icu/StructureDefinition/koerpergewicht,https://www.medizininformatik-initiative.de/fhir/ext/modul-icu/StructureDefinition/mii-pr-icu-koerpergewicht,https://www.medizininformatik-initiative.de/fhir/ext/modul-icu/StructureDefinition/mii-pr-icu-muv-koerpergewicht (0.94),
icu,2025.0.4,2026.0.0,Observation,SD_MII_ICU_Koerpergroesse,MII_PR_ICU_MUV_Koerpergroesse,0.944,1.0,0.815,https://www.medizininformatik-initiative.de/fhir/ext/modul-icu/StructureDefinition/koerpergroesse,https://www.medizininformatik-initiative.de/fhir/ext/modul-icu/StructureDefinition/mii-pr-icu-muv-koerpergroesse,https://www.medizininformatik-initiative.de/fhir/ext/modul-icu/StructureDefinition/mii-pr-icu-koerpergroesse (0.93),
icu,2025.0.4,2026.0.0,Observation,SD_MII_ICU_Kopfumfang,MII_PR_ICU_Kopfumfang,0.957,1.0,0.857,https://www.medizininformatik-initiative.de/fhir/ext/modul-icu/StructureDefinition/kopfumfang,https://www.medizininformatik-initiative.de/fhir/ext/modul-icu/StructureDefinition/mii-pr-icu-kopfumfang,https://www.medizininformatik-initiative.de/fhir/ext/modul-icu/StructureDefinition/mii-pr-icu-muv-kopfumfang (0.93),
icu,2025.0.4,2026.0.0,Observation,SD_MII_ICU_Maximaler_Beatmungsdruck,MII_PR_ICU_VENT_Maximaler_Beatmungsdruck,0.956,1.0,0.853,https://www.medizininformatik-initiative.de/fhir/ext/modul-icu/StructureDefinition/maximaler-beatmungsdruck,https://www.medizininformatik-initiative.de/fhir/ext/modul-icu/StructureDefinition/mii-pr-icu-vent-maximaler-beatmungsdruck,https://www.medizininformatik-initiative.de/fhir/ext/modul-icu/StructureDefinition/mii-pr-icu-vent-mittlerer-beatmungsdruck (0.92),
icu,2025.0.4,2026.0.0,Observation,SD_MII_ICU_Mechanische_Atemfrequenz_Beatmet,MII_PR_ICU_VENT_Mechanische_Atemfrequenz_Beatmet,0.964,1.0,0.879,https://www.medizininformatik-initiative.de/fhir/ext/modul-icu/StructureDefinition/mechanische-atemfrequenz-beatmet,https://www.medizininformatik-initiative.de/fhir/ext/modul-icu/StructureDefinition/mii-pr-icu-vent-mechanische-atemfrequenz-beatmet,https://www.medizininformatik-initiative.de/fhir/ext/modul-icu/StructureDefinition/mii-pr-icu-mechanische-atemfrequenz-beatmet (0.88),
icu,2025.0.4,2026.0.0,Observation,SD_MII_ICU_Mittlerer_Beatmungsdruck,MII_PR_ICU_VENT_Mittlerer_Beatmungsdruck,0.956,1.0,0.853,https://www.medizininformatik-initiative.de/fhir/ext/modul-icu/StructureDefinition/mittlerer-beatmungsdruck,https://www.medizininformatik-initiative.de/fhir/ext/modul-icu/StructureDefinition/mii-pr-icu-vent-mittlerer-beatmungsdruck,https://www.medizininformatik-initiative.de/fhir/ext/modul-icu/StructureDefinition/mii-pr-icu-vent-maximaler-beatmungsdruck (0.92),
icu,2025.0.4,2026.0.0,Observation,SD_MII_ICU_Parameter_Von_Beatmung,MII_PR_ICU_VENT_Parameter_Von_Beatmung,0.954,1.0,0.845,https://www.medizininformatik-initiative.de/fhir/ext/modul-icu/StructureDefinition/parameter-von-beatmung,https://www.medizininformatik-initiative.de/fhir/ext/modul-icu/StructureDefinition/mii-pr-icu-vent-parameter-von-beatmung,https://www.medizininformatik-initiative.de/fhir/ext/modul-icu/StructureDefinition/mii-pr-icu-parameter-von-beatmung (0.95),
icu,2025.0.4,2026.0.0,Observation,SD_MII_ICU_Parameter_Von_Extrakorporalen_Verfahren,MII_PR_ICU_Parameter_Von_Extrakorporalen_Verfahren,0.982,1.0,0.94,https://www.medizininformatik-initiative.de/fhir/ext/modul-icu/StructureDefinition/parameter-von-extrakorporalen-verfahren,https://www.medizininformatik-initiative.de/fhir/ext/modul-icu/StructureDefinition/mii-pr-icu-parameter-von-extrakorporalen-verfahren,https://www.medizininformatik-initiative.de/fhir/ext/modul-icu/StructureDefinition/mii-pr-icu-ect-parameter-von-extrakorporalen-verfahren (0.97),
icu,2025.0.4,2026.0.0,Observation,SD_MII_ICU_Positiv_Endexspiratorischer_Druck,MII_PR_ICU_VENT_Positiv_Endexspiratorischer_Druck,0.965,1.0,0.882,https://www.medizininformatik-initiative.de/fhir/ext/modul-icu/StructureDefinition/positiv-endexspiratorischer-druck,https://www.medizininformatik-initiative.de/fhir/ext/modul-icu/StructureDefinition/mii-pr-icu-vent-positiv-endexspiratorischer-druck,https://www.medizininformatik-initiative.de/fhir/ext/modul-icu/StructureDefinition/mii-pr-icu-positiv-endexpiratorischer-druck (0.88),
icu,2025.0.4,2026.0.0,Observation,SD_MII_ICU_Spontane_Atemfrequenz_Beatmet,MII_PR_ICU_VENT_Spontane_Atemfrequenz_Beatmet,0.961,1.0,0.871,https://www.medizininformatik-initiative.de/fhir/ext/modul-icu/StructureDefinition/spontane-atemfrequenz-beatmet,https://www.medizininformatik-initiative.de/fhir/ext/modul-icu/StructureDefinition/mii-pr-icu-vent-spontane-atemfrequenz-beatmet,https://www.medizininformatik-initiative.de/fhir/ext/modul-icu/StructureDefinition/mii-pr-icu-spontane-mechanische-atemfrequenz-beatmet (0.94),
icu,2025.0.4,2026.0.0,Observation,SD_MII_ICU_Spontane_Mechanische_Atemfrequenz_Beatmet,MII_PR_ICU_Spontane_Mechanische_Atemfrequenz_Beatmet,0.983,1.0,0.942,https://www.medizininformatik-initiative.de/fhir/ext/modul-icu/StructureDefinition/spontane-mechanische-atemfrequenz-beatmet,https://www.medizininformatik-initiative.de/fhir/ext/modul-icu/StructureDefinition/mii-pr-icu-spontane-mechanische-atemfrequenz-beatmet,https://www.medizininformatik-initiative.de/fhir/ext/modul-icu/StructureDefinition/mii-pr-icu-vent-spontane-mechanische-atemfrequenz-beatmet (0.97),
icu,2025.0.4,2026.0.0,Observation,SD_MII_ICU_Spontanes_Atemzugvolumen,MII_PR_ICU_VENT_Spontanes_Atemzugvolumen,0.956,1.0,0.853,https://www.medizininformatik-initiative.de/fhir/ext/modul-icu/StructureDefinition/spontanes-atemzugvolumen,https://www.medizininformatik-initiative.de/fhir/ext/modul-icu/StructureDefinition/mii-pr-icu-vent-spontanes-atemzugvolumen,https://www.medizininformatik-initiative.de/fhir/ext/modul-icu/StructureDefinition/mii-pr-icu-spontanes-atemzugvolumen (0.87),
icu,2025.0.4,2026.0.0,Observation,SD_MII_ICU_Spontanes_Mechanisches_Atemzugvolumen_Waehrend,MII_PR_ICU_VENT_Spontanes_Mechanisches_Atemzugvolumen_Waehrend,0.972,1.0,0.908,https://www.medizininformatik-initiative.de/fhir/ext/modul-icu/StructureDefinition/spontanes-mechanisches-atemzugvolumen-waehrend,https://www.medizininformatik-initiative.de/fhir/ext/modul-icu/StructureDefinition/mii-pr-icu-vent-spontanes-mechanisches-atemzugvolumen-waehrend,https://www.medizininformatik-initiative.de/fhir/ext/modul-icu/StructureDefinition/mii-pr-icu-spontanes-mechanisches-atemzugvolumen-waehrend-beatmung (0.83),
icu,2025.0.4,2026.0.0,Observation,SD_MII_ICU_Substituatfluss,MII_PR_ICU_ECT_Substituatfluss,0.946,1.0,0.821,https://www.medizininformatik-initiative.de/fhir/ext/modul-icu/StructureDefinition/substituatfluss,https://www.medizininformatik-initiative.de/fhir/ext/modul-icu/StructureDefinition/mii-pr-icu-ect-substituatfluss,https://www.medizininformatik-initiative.de/fhir/ext/modul-icu/StructureDefinition/mii-pr-icu-ect-substituatvolumen (0.91),
icu,2025.0.4,2026.0.0,Observation,SD_MII_ICU_Substituatvolumen,MII_PR_ICU_ECT_Substituatvolumen,0.95,1.0,0.833,https://www.medizininformatik-initiative.de/fhir/ext/modul-icu/StructureDefinition/substituatvolumen,https://www.medizininformatik-initiative.de/fhir/ext/modul-icu/StructureDefinition/mii-pr-icu-ect-substituatvolumen,https://www.medizininformatik-initiative.de/fhir/ext/modul-icu/StructureDefinition/mii-pr-icu-ect-substituatfluss (0.91),
icu,2025.0.4,2026.0.0,Observation,SD_MII_ICU_Unterstuezungsdruck_Beatmung,MII_PR_ICU_VENT_Unterstuezungsdruck_Beatmung,0.96,1.0,0.867,https://www.medizininformatik-initiative.de/fhir/ext/modul-icu/StructureDefinition/unterstuetzungsdruck-beatmung,https://www.medizininformatik-initiative.de/fhir/ext/modul-icu/StructureDefinition/mii-pr-icu-vent-unterstuetzungsdruck-beatmung,https://www.medizininformatik-initiative.de/fhir/ext/modul-icu/StructureDefinition/mii-pr-icu-unterstuetzungsdruck-beatmung (0.86),
icu,2025.0.4,2026.0.0,Observation,SD_MII_ICU_Venoeser_Druck,MII_PR_ICU_ECT_Venoeser_Druck,0.944,1.0,0.815,https://www.medizininformatik-initiative.de/fhir/ext/modul-icu/StructureDefinition/venoeser-druck,https://www.medizininformatik-initiative.de/fhir/ext/modul-icu/StructureDefinition/mii-pr-icu-ect-venoeser-druck,https://www.medizininformatik-initiative.de/fhir/ext/modul-icu/StructureDefinition/mii-pr-icu-venoeser-druck (0.82),
icu,2025.0.4,2026.0.0,Observation,SD_MII_ICU_Zeitverhaeltnis_Ein_Ausatmung,MII_PR_ICU_VENT_Zeitverhaeltnis_Ein_Ausatmung,0.961,1.0,0.871,https://www.medizininformatik-initiative.de/fhir/ext/modul-icu/StructureDefinition/zeitverhaeltnis-ein-ausatmung,https://www.medizininformatik-initiative.de/fhir/ext/modul-icu/StructureDefinition/mii-pr-icu-vent-zeitverhaeltnis-ein-ausatmung,https://www.medizininformatik-initiative.de/fhir/ext/modul-icu/StructureDefinition/mii-pr-icu-zeitverhaeltnis-ein-ausatmung (0.88),
icu,2026.0.1,2026.0.2,Observation,MII_PR_ICU_Arterieller_Blutdruck,,,,,https://www.medizininformatik-initiative.de/fhir/ext/modul-icu/StructureDefinition/mii-pr-icu-arterieller-blutdruck,,,
icu,2026.0.1,2026.0.2,Observation,MII_PR_ICU_Atemfrequenz,,,,,https://www.medizininformatik-initiative.de/fhir/ext/modul-icu/StructureDefinition/mii-pr-icu-atemfrequenz,,,
icu,2026.0.1,2026.0.2,Observation,MII_PR_ICU_Bilanz_Abnahme_Haemofiltration_Einzelmesswerte,MII_PR_ICU_Bilanz_Ausfuhr_Haemofiltration_Einzelmesswerte,0.886,0.875,0.912,https://www.medizininformatik-initiative.de/fhir/ext/modul-icu/StructureDefinition/mii-pr-icu-bilanz-abnahme-haemofiltration-einzelmesswerte,https://www.medizininformatik-initiative.de/fhir/ext/modul-icu/StructureDefinition/mii-pr-icu-bilanz-ausfuhr-haemofiltration-einzelmesswerte,https://www.medizininformatik-initiative.de/fhir/ext/modul-icu/StructureDefinition/mii-pr-icu-bilanz-tagesbilanz-fluessigkeit (0.79),
icu,2026.0.1,2026.0.2,Observation,MII_PR_ICU_Bilanz_Ausfuhr_Drainage_OP,MII_PR_ICU_Bilanz_Ausfuhr_OP_Drainage,0.742,0.667,0.919,https://www.medizininformatik-initiative.de/fhir/ext/modul-icu/StructureDefinition/mii-pr-icu-bilanz-ausfuhr-drainage-op,https://www.medizininformatik-initiative.de/fhir/ext/modul-icu/StructureDefinition/mii-pr-icu-bilanz-ausfuhr-op-drainage,https://www.medizininformatik-initiative.de/fhir/ext/modul-icu/StructureDefinition/mii-pr-icu-bilanz-ausfuhr-blutverlust (0.69),
icu,2026.0.1,2026.0.2,Observation,MII_PR_ICU_Bilanz_Ausfuhr_Drainage_Wund,MII_PR_ICU_Bilanz_Ausfuhr_OP_Drainage,0.735,0.667,0.895,https://www.medizininformatik-initiative.de/fhir/ext/modul-icu/StructureDefinition/mii-pr-icu-bilanz-ausfuhr-drainage-wund,https://www.medizininformatik-initiative.de/fhir/ext/modul-icu/StructureDefinition/mii-pr-icu-bilanz-ausfuhr-op-drainage,https://www.medizininformatik-initiative.de/fhir/ext/modul-icu/StructureDefinition/mii-pr-icu-bilanz-ausfuhr-blutverlust (0.69),
icu,2026.0.1,2026.0.2,Observation,MII_PR_ICU_Bilanz_Ausfuhr_Gallengang,MII_PR_ICU_Bilanz_Ausfuhr_Blutverlust,0.843,0.875,0.767,https://www.medizininformatik-initiative.de/fhir/ext/modul-icu/StructureDefinition/mii-pr-icu-bilanz-ausfuhr-gallengang,https://www.medizininformatik-initiative.de/fhir/ext/modul-icu/StructureDefinition/mii-pr-icu-bilanz-ausfuhr-blutverlust,https://www.medizininformatik-initiative.de/fhir/ext/modul-icu/StructureDefinition/mii-pr-icu-bilanz-ausfuhr-op-drainage (0.84),
icu,2026.0.1,2026.0.2,Observation,MII_PR_ICU_Bilanz_Ausfuhr_Opdrainage,MII_PR_ICU_Bilanz_Ausfuhr_OP_Drainage,0.892,0.875,0.932,https://www.medizininformatik-initiative.de/fhir/ext/modul-icu/StructureDefinition/mii-pr-icu-bilanz-ausfuhr-opdrainage,https://www.medizininformatik-initiative.de/fhir/ext/modul-icu/StructureDefinition/mii-pr-icu-bilanz-ausfuhr-op-drainage,https://www.medizininformatik-initiative.de/fhir/ext/modul-icu/StructureDefinition/mii-pr-icu-bilanz-ausfuhr-blutverlust (0.83),
icu,2026.0.1,2026.0.2,Observation,MII_PR_ICU_Bilanz_Blutverlust,MII_PR_ICU_Bilanz_Ausfuhr_Blutverlust,0.876,0.875,0.879,https://www.medizininformatik-initiative.de/fhir/ext/modul-icu/StructureDefinition/mii-pr-icu-bilanz-blutverlust,https://www.medizininformatik-initiative.de/fhir/ext/modul-icu/StructureDefinition/mii-pr-icu-bilanz-ausfuhr-blutverlust,https://www.medizininformatik-initiative.de/fhir/ext/modul-icu/StructureDefinition/mii-pr-icu-bilanz-ausfuhr-op-drainage (0.79),
icu,2026.0.1,2026.0.2,Observation,MII_PR_ICU_Bilanz_Einfuhr_Enterale_Fluesse,MII_PR_ICU_Bilanz_Ausfuhr_Blutverlust,0.687,0.667,0.734,https://www.medizininformatik-initiative.de/fhir/ext/modul-icu/StructureDefinition/mii-pr-icu-bilanz-einfuhr-enterale-fluesse,https://www.medizininformatik-initiative.de/fhir/ext/modul-icu/StructureDefinition/mii-pr-icu-bilanz-ausfuhr-blutverlust,https://www.medizininformatik-initiative.de/fhir/ext/modul-icu/StructureDefinition/mii-pr-icu-bilanz-tagesbilanz-fluessigkeit (0.67),
icu,2026.0.1,2026.0.2,Observation,MII_PR_ICU_Bilanz_Einfuhr_Oraler_Fluesse,MII_PR_ICU_Bilanz_Ausfuhr_Blutverlust,0.693,0.667,0.753,https://www.medizininformatik-initiative.de/fhir/ext/modul-icu/StructureDefinition/mii-pr-icu-bilanz-einfuhr-oraler-fluesse,https://www.medizininformatik-initiative.de/fhir/ext/modul-icu/StructureDefinition/mii-pr-icu-bilanz-ausfuhr-blutverlust,https://www.medizininformatik-initiative.de/fhir/ext/modul-icu/StructureDefinition/mii-pr-icu-bilanz-ausfuhr-op-drainage (0.68),
icu,2026.0.1,2026.0.2,Observation,MII_PR_ICU_Bilanz_Einfuhr_Oraler_Fluessigkeit,MII_PR_ICU_Bilanz_Tagesbilanz_Fluessigkeit,0.84,0.875,0.759,https://www.medizininformatik-initiative.de/fhir/ext/modul-icu/StructureDefinition/mii-pr-icu-bilanz-einfuhr-oraler-fluessigkeit,https://www.medizininformatik-initiative.de/fhir/ext/modul-icu/StructureDefinition/mii-pr-icu-bilanz-tagesbilanz-fluessigkeit,https://www.medizininformatik-initiative.de/fhir/ext/modul-icu/StructureDefinition/mii-pr-icu-bilanz-ausfuhr-blutverlust (0.83),
icu,2026.0.1,2026.0.2,Observation,MII_PR_ICU_Bilanz_Gesamte_Ausfuhr,MII_PR_ICU_Bilanz_Ausfuhr_Blutverlust,0.827,0.875,0.714,https://www.medizininformatik-initiative.de/fhir/ext/modul-icu/StructureDefinition/mii-pr-icu-bilanz-gesamte-ausfuhr,https://www.medizininformatik-initiative.de/fhir/ext/modul-icu/StructureDefinition/mii-pr-icu-bilanz-ausfuhr-blutverlust,https://www.medizininformatik-initiative.de/fhir/ext/modul-icu/StructureDefinition/mii-pr-icu-bilanz-ausfuhr-op-drainage (0.83),
icu,2026.0.1,2026.0.2,Observation,MII_PR_ICU_Bilanz_Gesamte_Einfuhr,MII_PR_ICU_Bilanz_Ausfuhr_Blutverlust,0.81,0.875,0.657,https://www.medizininformatik-initiative.de/fhir/ext/modul-icu/StructureDefinition/mii-pr-icu-bilanz-gesamte-einfuhr,https://www.medizininformatik-initiative.de/fhir/ext/modul-icu/StructureDefinition/mii-pr-icu-bilanz-ausfuhr-blutverlust,https://www.medizininformatik-initiative.de/fhir/ext/modul-icu/StructureDefinition/mii-pr-icu-bilanz-ausfuhr-op-drainage (0.81),
icu,2026.0.1,2026.0.2,Observation,MII_PR_ICU_Bilanz_Gesamte_Tages_Bilanz,MII_PR_ICU_Bilanz_Tagesbilanz_Fluessigkeit,0.735,0.75,0.7,https://www.medizininformatik-initiative.de/fhir/ext/modul-icu/StructureDefinition/mii-pr-icu-bilanz-gesamte-tages-bilanz,https://www.medizininformatik-initiative.de/fhir/ext/modul-icu/StructureDefinition/mii-pr-icu-bilanz-tagesbilanz-fluessigkeit,https://www.medizininformatik-initiative.de/fhir/ext/modul-icu/StructureDefinition/mii-pr-icu-bilanz-ausfuhr-op-drainage (0.71),
icu,2026.0.1,2026.0.2,Observation,MII_PR_ICU_ECT_Arterieller_Druck,MII_PR_ICU_Bilanz_Ausfuhr_Blutverlust,0.399,0.333,0.551,https://www.medizininformatik-initiative.de/fhir/ext/modul-icu/StructureDefinition/mii-pr-icu-ect-arterieller-druck,https://www.medizininformatik-initiative.de/fhir/ext/modul-icu/StructureDefinition/mii-pr-icu-bilanz-ausfuhr-blutverlust,https://www.medizininformatik-initiative.de/fhir/ext/modul-icu/StructureDefinition/mii-pr-icu-bilanz-ausfuhr-op-drainage (0.38),
icu,2026.0.1,2026.0.2,Observation,MII_PR_ICU_ECT_Blutfluss_Cardiovasculaeres_Geraet,MII_PR_ICU_Bilanz_Ausfuhr_Blutverlust,0.451,0.444,0.465,https://www.medizininformatik-initiative.de/fhir/ext/modul-icu/StructureDefinition/mii-pr-icu-ect-blutfluss-cardiovasculaeres-geraet,https://www.medizininformatik-initiative.de/fhir/ext/modul-icu/StructureDefinition/mii-pr-icu-bilanz-ausfuhr-blutverlust,https://www.medizininformatik-initiative.de/fhir/ext/modul-icu/StructureDefinition/mii-pr-icu-bilanz-ausfuhr-op-drainage (0.44),
icu,2026.0.1,2026.0.2,Observation,MII_PR_ICU_ECT_Blutfluss_Extrakorporaler_Gasaustausch,MII_PR_ICU_Bilanz_Ausfuhr_Blutverlust,0.444,0.444,0.444,https://www.medizininformatik-initiative.de/fhir/ext/modul-icu/StructureDefinition/mii-pr-icu-ect-blutfluss-extrakorporaler-gasaustausch,https://www.medizininformatik-initiative.de/fhir/ext/modul-icu/StructureDefinition/mii-pr-icu-bilanz-ausfuhr-blutverlust,https://www.medizininformatik-initiative.de/fhir/ext/modul-icu/StructureDefinition/mii-pr-icu-bilanz-ausfuhr-op-drainage (0.44),
icu,2026.0.1,2026.0.2,Observation,MII_PR_ICU_ECT_Blutflussindex_Extrakorporaler_Gasaustausch,MII_PR_ICU_Bilanz_Ausfuhr_Blutverlust,0.381,0.364,0.421,https://www.medizininformatik-initiative.de/fhir/ext/modul-icu/StructureDefinition/mii-pr-icu-ect-blutflussindex-extrakorporaler-gasaustausch,https://www.medizininformatik-initiative.de/fhir/ext/modul-icu/StructureDefinition/mii-pr-icu-bilanz-ausfuhr-blutverlust,https://www.medizininformatik-initiative.de/fhir/ext/modul-icu/StructureDefinition/mii-pr-icu-bilanz-ausfuhr-haemofiltration-einzelmesswerte (0.37),
icu,2026.0.1,2026.0.2,Observation,MII_PR_ICU_ECT_Dauer_Extrakorporaler_Gasaustausch,MII_PR_ICU_Bilanz_Ausfuhr_Blutverlust,0.387,0.364,0.442,https://www.medizininformatik-initiative.de/fhir/ext/modul-icu/StructureDefinition/mii-pr-icu-ect-dauer-extrakorporaler-gasaustausch,https://www.medizininformatik-initiative.de/fhir/ext/modul-icu/StructureDefinition/mii-pr-icu-bilanz-ausfuhr-blutverlust,https://www.medizininformatik-initiative.de/fhir/ext/modul-icu/StructureDefinition/mii-pr-icu-bilanz-ausfuhr-haemofiltration-einzelmesswerte (0.38),
icu,2026.0.1,2026.0.2,Observation,MII_PR_ICU_ECT_Dauer_Haemodialysesitzung,MII_PR_ICU_Bilanz_Ausfuhr_Haemofiltration_Einzelmesswerte,0.415,0.364,0.536,https://www.medizininformatik-initiative.de/fhir/ext/modul-icu/StructureDefinition/mii-pr-icu-ect-dauer-haemodialysesitzung,https://www.medizininformatik-initiative.de/fhir/ext/modul-icu/StructureDefinition/mii-pr-icu-bilanz-ausfuhr-haemofiltration-einzelmesswerte,https://www.medizininformatik-initiative.de/fhir/ext/modul-icu/StructureDefinition/mii-pr-icu-bilanz-ausfuhr-blutverlust (0.39),
icu,2026.0.1,2026.0.2,DeviceMetric,MII_PR_ICU_ECT_Devicemetric_Eingestellte_Gemessene_Parameter_Extrakorporale_Verfahren,,,,,https://www.medizininformatik-initiative.de/fhir/ext/modul-icu/StructureDefinition/mii-pr-icu-ect-devicemetric-eingestellte-gemessene-parameter-extrakorporale-verfahren,,,
icu,2026.0.1,2026.0.2,Procedure,MII_PR_ICU_ECT_Extrakorporales_Verfahren,,,,,https://www.medizininformatik-initiative.de/fhir/ext/modul-icu/StructureDefinition/mii-pr-icu-ect-extrakorporales-verfahren,,,
icu,2026.0.1,2026.0.2,Observation,MII_PR_ICU_ECT_Gasfluss,MII_PR_ICU_Bilanz_Ausfuhr_Blutverlust,0.326,0.222,0.567,https://www.medizininformatik-initiative.de/fhir/ext/modul-icu/StructureDefinition/mii-pr-icu-ect-gasfluss,https://www.medizininformatik-initiative.de/fhir/ext/modul-icu/StructureDefinition/mii-pr-icu-bilanz-ausfuhr-blutverlust,https://www.medizininformatik-initiative.de/fhir/ext/modul-icu/StructureDefinition/mii-pr-icu-bilanz-tagesbilanz-fluessigkeit (0.31),
icu,2026.0.1,2026.0.2,Observation,MII_PR_ICU_ECT_Haemodialyse_Blutfluss,MII_PR_ICU_Bilanz_Ausfuhr_Blutverlust,0.425,0.364,0.568,https://www.medizininformatik-initiative.de/fhir/ext/modul-icu/StructureDefinition/mii-pr-icu-ect-haemodialyse-blutfluss,https://www.medizininformatik-initiative.de/fhir/ext/modul-icu/StructureDefinition/mii-pr-icu-bilanz-ausfuhr-blutverlust,https://www.medizininformatik-initiative.de/fhir/ext/modul-icu/StructureDefinition/mii-pr-icu-bilanz-ausfuhr-haemofiltration-einzelmesswerte (0.40),
icu,2026.0.1,2026.0.2,Observation,MII_PR_ICU_ECT_Ionisiertes_Kalzium_Nierenersatzverfahren,MII_PR_ICU_Bilanz_Ausfuhr_Blutverlust,0.349,0.333,0.387,https://www.medizininformatik-initiative.de/fhir/ext/modul-icu/StructureDefinition/mii-pr-icu-ect-ionisiertes-kalzium-nierenersatzverfahren,https://www.medizininformatik-initiative.de/fhir/ext/modul-icu/StructureDefinition/mii-pr-icu-bilanz-ausfuhr-blutverlust,https://www.medizininformatik-initiative.de/fhir/ext/modul-icu/StructureDefinition/mii-pr-icu-bilanz-ausfuhr-op-drainage (0.34),
icu,2026.0.1,2026.0.2,Observation,MII_PR_ICU_ECT_Parameter_Von_Extrakorporalen_Verfahren,,,,,https://www.medizininformatik-initiative.de/fhir/ext/modul-icu/StructureDefinition/mii-pr-icu-ect-parameter-von-extrakorporalen-verfahren,,,
icu,2026.0.1,2026.0.2,Observation,MII_PR_ICU_ECT_Substituatfluss,MII_PR_ICU_Bilanz_Ausfuhr_Blutverlust,0.416,0.364,0.537,https://www.medizininformatik-initiative.de/fhir/ext/modul-icu/StructureDefinition/mii-pr-icu-ect-substituatfluss,https://www.medizininformatik-initiative.de/fhir/ext/modul-icu/StructureDefinition/mii-pr-icu-bilanz-ausfuhr-blutverlust,https://www.medizininformatik-initiative.de/fhir/ext/modul-icu/StructureDefinition/mii-pr-icu-bilanz-tagesbilanz-fluessigkeit (0.40),
icu,2026.0.1,2026.0.2,Observation,MII_PR_ICU_ECT_Substituatvolumen,MII_PR_ICU_Bilanz_Ausfuhr_OP_Drainage,0.402,0.364,0.493,https://www.medizininformatik-initiative.de/fhir/ext/modul-icu/StructureDefinition/mii-pr-icu-ect-substituatvolumen,https://www.medizininformatik-initiative.de/fhir/ext/modul-icu/StructureDefinition/mii-pr-icu-bilanz-ausfuhr-op-drainage,https://www.medizininformatik-initiative.de/fhir/ext/modul-icu/StructureDefinition/mii-pr-icu-bilanz-tagesbilanz-fluessigkeit (0.39),
icu,2026.0.1,2026.0.2,Observation,MII_PR_ICU_ECT_Venoeser_Druck,MII_PR_ICU_Bilanz_Ausfuhr_OP_Drainage,0.466,0.444,0.515,https://www.medizininformatik-initiative.de/fhir/ext/modul-icu/StructureDefinition/mii-pr-icu-ect-venoeser-druck,https://www.medizininformatik-initiative.de/fhir/ext/modul-icu/StructureDefinition/mii-pr-icu-bilanz-ausfuhr-op-drainage,https://www.medizininformatik-initiative.de/fhir/ext/modul-icu/StructureDefinition/mii-pr-icu-bilanz-ausfuhr-blutverlust (0.46),
icu,2026.0.1,2026.0.2,Observation,MII_PR_ICU_Herzfrequenz,MII_PR_ICU_Bilanz_Ausfuhr_Blutverlust,0.607,0.667,0.467,https://www.medizininformatik-initiative.de/fhir/ext/modul-icu/StructureDefinition/mii-pr-icu-herzfrequenz,https://www.medizininformatik-initiative.de/fhir/ext/modul-icu/StructureDefinition/mii-pr-icu-bilanz-ausfuhr-blutverlust,https://www.medizininformatik-initiative.de/fhir/ext/modul-icu/StructureDefinition/mii-pr-icu-bilanz-tagesbilanz-fluessigkeit (0.61),
icu,2026.0.1,2026.0.2,Observation,MII_PR_ICU_Koerpergewicht,,,,,https://www.medizininformatik-initiative.de/fhir/ext/modul-icu/StructureDefinition/mii-pr-icu-koerpergewicht,,,
icu,2026.0.1,2026.0.2,Observation,MII_PR_ICU_Koerpergroesse,,,,,https://www.medizininformatik-initiative.de/fhir/ext/modul-icu/StructureDefinition/mii-pr-icu-koerpergroesse,,,
icu,2026.0.1,2026.0.2,Observation,MII_PR_ICU_Kopfumfang,,,,,https://www.medizininformatik-initiative.de/fhir/ext/modul-icu/StructureDefinition/mii-pr-icu-kopfumfang,,,
icu,2026.0.1,2026.0.2,Observation,MII_PR_ICU_VENT_Atemwegsdruck_Bei_Mitl_Exspiratorischem_Gasfluss,MII_PR_ICU_Bilanz_Ausfuhr_Blutverlust,0.322,0.273,0.436,https://www.medizininformatik-initiative.de/fhir/ext/modul-icu/StructureDefinition/mii-pr-icu-vent-atemwegsdruck-bei-mitl-exspiratorischem-gasfluss,https://www.medizininformatik-initiative.de/fhir/ext/modul-icu/StructureDefinition/mii-pr-icu-bilanz-ausfuhr-blutverlust,https://www.medizininformatik-initiative.de/fhir/ext/modul-icu/StructureDefinition/mii-pr-icu-bilanz-ausfuhr-haemofiltration-einzelmesswerte (0.32),
icu,2026.0.1,2026.0.2,Observation,MII_PR_ICU_VENT_Atemwegsdruck_Bei_Null_Exspiratorischem_Gasfluss,MII_PR_ICU_Bilanz_Ausfuhr_Blutverlust,0.322,0.273,0.436,https://www.medizininformatik-initiative.de/fhir/ext/modul-icu/StructureDefinition/mii-pr-icu-vent-atemwegsdruck-bei-null-exspiratorischem-gasfluss,https://www.medizininformatik-initiative.de/fhir/ext/modul-icu/StructureDefinition/mii-pr-icu-bilanz-ausfuhr-blutverlust,https://www.medizininformatik-initiative.de/fhir/ext/modul-icu/StructureDefinition/mii-pr-icu-bilanz-ausfuhr-haemofiltration-einzelmesswerte (0.32),
icu,2026.0.1,2026.0.2,Observation,MII_PR_ICU_VENT_Atemzugvolumen_Einstellung,MII_PR_ICU_Bilanz_Ausfuhr_Haemofiltration_Einzelmesswerte,0.385,0.333,0.505,https://www.medizininformatik-initiative.de/fhir/ext/modul-icu/StructureDefinition/mii-pr-icu-vent-atemzugvolumen-einstellung,https://www.medizininformatik-initiative.de/fhir/ext/modul-icu/StructureDefinition/mii-pr-icu-bilanz-ausfuhr-haemofiltration-einzelmesswerte,https://www.medizininformatik-initiative.de/fhir/ext/modul-icu/StructureDefinition/mii-pr-icu-bilanz-ausfuhr-blutverlust (0.38),
icu,2026.0.1,2026.0.2,Observation,MII_PR_ICU_VENT_Atemzugvolumen_Waehrend_Beatmung,MII_PR_ICU_Bilanz_Ausfuhr_Blutverlust,0.389,0.364,0.447,https://www.medizininformatik-initiative.de/fhir/ext/modul-icu/StructureDefinition/mii-pr-icu-vent-atemzugvolumen-waehrend-beatmung,https://www.medizininformatik-initiative.de/fhir/ext/modul-icu/StructureDefinition/mii-pr-icu-bilanz-ausfuhr-blutverlust,https://www.medizininformatik-initiative.de/fhir/ext/modul-icu/StructureDefinition/mii-pr-icu-bilanz-ausfuhr-op-drainage (0.38),
icu,2026.0.1,2026.0.2,Procedure,MII_PR_ICU_VENT_Beatmung,,,,,https://www.medizininformatik-initiative.de/fhir/ext/modul-icu/StructureDefinition/mii-pr-icu-vent-beatmung,,,
icu,2026.0.1,2026.0.2,Observation,MII_PR_ICU_VENT_Beatmungsvolumen_Pro_Minute_Maschineller,MII_PR_ICU_Bilanz_Ausfuhr_Haemofiltration_Einzelmesswerte,0.371,0.364,0.389,https://www.medizininformatik-initiative.de/fhir/ext/modul-icu/StructureDefinition/mii-pr-icu-vent-beatmungsvolumen-pro-minute-maschineller,https://www.medizininformatik-initiative.de/fhir/ext/modul-icu/StructureDefinition/mii-pr-icu-bilanz-ausfuhr-haemofiltration-einzelmesswerte,https://www.medizininformatik-initiative.de/fhir/ext/modul-icu/StructureDefinition/mii-pr-icu-bilanz-ausfuhr-blutverlust (0.37),
icu,2026.0.1,2026.0.2,Observation,MII_PR_ICU_VENT_Beatmungszeit_Hohem_Druck,MII_PR_ICU_Bilanz_Ausfuhr_OP_Drainage,0.393,0.364,0.462,https://www.medizininformatik-initiative.de/fhir/ext/modul-icu/StructureDefinition/mii-pr-icu-vent-beatmungszeit-hohem-druck,https://www.medizininformatik-initiative.de/fhir/ext/modul-icu/StructureDefinition/mii-pr-icu-bilanz-ausfuhr-op-drainage,https://www.medizininformatik-initiative.de/fhir/ext/modul-icu/StructureDefinition/mii-pr-icu-bilanz-tagesbilanz-fluessigkeit (0.38),
icu,2026.0.1,2026.0.2,Observation,MII_PR_ICU_VENT_Beatmungszeit_Niedrigem_Druck,MII_PR_ICU_Bilanz_Ausfuhr_OP_Drainage,0.386,0.364,0.439,https://www.medizininformatik-initiative.de/fhir/ext/modul-icu/StructureDefinition/mii-pr-icu-vent-beatmungszeit-niedrigem-druck,https://www.medizininformatik-initiative.de/fhir/ext/modul-icu/StructureDefinition/mii-pr-icu-bilanz-ausfuhr-op-drainage,https://www.medizininformatik-initiative.de/fhir/ext/modul-icu/StructureDefinition/mii-pr-icu-bilanz-tagesbilanz-fluessigkeit (0.38),
icu,2026.0.1,2026.0.2,DeviceMetric,MII_PR_ICU_VENT_Devicemetric_Eingestellte_Gemessene_Parameter_Beatmung,,,,,https://www.medizininformatik-initiative.de/fhir/ext/modul-icu/StructureDefinition/mii-pr-icu-vent-devicemetric-eingestellte-gemessene-parameter-beatmung,,,
icu,2026.0.1,2026.0.2,Observation,MII_PR_ICU_VENT_Druckdifferenz_Beatmung,MII_PR_ICU_Bilanz_Ausfuhr_Blutverlust,0.397,0.364,0.474,https://www.medizininformatik-initiative.de/fhir/ext/modul-icu/StructureDefinition/mii-pr-icu-vent-druckdifferenz-beatmung,https://www.medizininformatik-initiative.de/fhir/ext/modul-icu/StructureDefinition/mii-pr-icu-bilanz-ausfuhr-blutverlust,https://www.medizininformatik-initiative.de/fhir/ext/modul-icu/StructureDefinition/mii-pr-icu-bilanz-tagesbilanz-fluessigkeit (0.39),
icu,2026.0.1,2026.0.2,Observation,MII_PR_ICU_VENT_Dynamische_Kompliance,MII_PR_ICU_Bilanz_Ausfuhr_Blutverlust,0.384,0.364,0.432,https://www.medizininformatik-initiative.de/fhir/ext/modul-icu/StructureDefinition/mii-pr-icu-vent-dynamische-kompliance,https://www.medizininformatik-initiative.de/fhir/ext/modul-icu/StructureDefinition/mii-pr-icu-bilanz-ausfuhr-blutverlust,https://www.medizininformatik-initiative.de/fhir/ext/modul-icu/StructureDefinition/mii-pr-icu-bilanz-ausfuhr-op-drainage (0.38),
icu,2026.0.1,2026.0.2,Observation,MII_PR_ICU_VENT_Eingestellter_Inspiratorischer_Gasfluss,MII_PR_ICU_Bilanz_Tagesbilanz_Fluessigkeit,0.305,0.25,0.433,https://www.medizininformatik-initiative.de/fhir/ext/modul-icu/StructureDefinition/mii-pr-icu-vent-eingestellter-inspiratorischer-gasfluss,https://www.medizininformatik-initiative.de/fhir/ext/modul-icu/StructureDefinition/mii-pr-icu-bilanz-tagesbilanz-fluessigkeit,,
icu,2026.0.1,2026.0.2,Observation,MII_PR_ICU_VENT_Einstellung_Ausatmungszeit_Beatmung,MII_PR_ICU_Bilanz_Ausfuhr_Blutverlust,0.43,0.4,0.5,https://www.medizininformatik-initiative.de/fhir/ext/modul-icu/StructureDefinition/mii-pr-icu-vent-einstellung-ausatmungszeit-beatmung,https://www.medizininformatik-initiative.de/fhir/ext/modul-icu/StructureDefinition/mii-pr-icu-bilanz-ausfuhr-blutverlust,https://www.medizininformatik-initiative.de/fhir/ext/modul-icu/StructureDefinition/mii-pr-icu-bilanz-ausfuhr-op-drainage (0.42),
icu,2026.0.1,2026.0.2,Observation,MII_PR_ICU_VENT_Einstellung_Einatmungszeit_Beatmung,MII_PR_ICU_Bilanz_Ausfuhr_OP_Drainage,0.416,0.4,0.455,https://www.medizininformatik-initiative.de/fhir/ext/modul-icu/StructureDefinition/mii-pr-icu-vent-einstellung-einatmungszeit-beatmung,https://www.medizininformatik-initiative.de/fhir/ext/modul-icu/StructureDefinition/mii-pr-icu-bilanz-ausfuhr-op-drainage,https://www.medizininformatik-initiative.de/fhir/ext/modul-icu/StructureDefinition/mii-pr-icu-bilanz-tagesbilanz-fluessigkeit (0.40),
icu,2026.0.1,2026.0.2,Observation,MII_PR_ICU_VENT_Endexspiratorischer_Kohlendioxidpartialdruck,MII_PR_ICU_Bilanz_Ausfuhr_Haemofiltration_Einzelmesswerte,0.372,0.364,0.393,https://www.medizininformatik-initiative.de/fhir/ext/modul-icu/StructureDefinition/mii-pr-icu-vent-endexspiratorischer-kohlendioxidpartialdruck,https://www.medizininformatik-initiative.de/fhir/ext/modul-icu/StructureDefinition/mii-pr-icu-bilanz-ausfuhr-haemofiltration-einzelmesswerte,https://www.medizininformatik-initiative.de/fhir/ext/modul-icu/StructureDefinition/mii-pr-icu-bilanz-ausfuhr-blutverlust (0.37),
icu,2026.0.1,2026.0.2,Observation,MII_PR_ICU_VENT_Exspiratorischer_Gasfluss,MII_PR_ICU_Bilanz_Ausfuhr_Blutverlust,0.387,0.333,0.513,https://www.medizininformatik-initiative.de/fhir/ext/modul-icu/StructureDefinition/mii-pr-icu-vent-exspiratorischer-gasfluss,https://www.medizininformatik-initiative.de/fhir/ext/modul-icu/StructureDefinition/mii-pr-icu-bilanz-ausfuhr-blutverlust,https://www.medizininformatik-initiative.de/fhir/ext/modul-icu/StructureDefinition/mii-pr-icu-bilanz-ausfuhr-haemofiltration-einzelmesswerte (0.37),
icu,2026.0.1,2026.0.2,Observation,MII_PR_ICU_VENT_Exspiratorischer_Sauerstoffpartialdruck,MII_PR_ICU_Bilanz_Ausfuhr_Blutverlust,0.385,0.364,0.435,https://www.medizininformatik-initiative.de/fhir/ext/modul-icu/StructureDefinition/mii-pr-icu-vent-exspiratorischer-sauerstoffpartialdruck,https://www.medizininformatik-initiative.de/fhir/ext/modul-icu/StructureDefinition/mii-pr-icu-bilanz-ausfuhr-blutverlust,https://www.medizininformatik-initiative.de/fhir/ext/modul-icu/StructureDefinition/mii-pr-icu-bilanz-ausfuhr-haemofiltration-einzelmesswerte (0.38),
icu,2026.0.1,2026.0.2,Observation,MII_PR_ICU_VENT_Horowitz_In_Arteriellem_Blut,MII_PR_ICU_Bilanz_Ausfuhr_Blutverlust,0.389,0.333,0.519,https://www.medizininformatik-initiative.de/fhir/ext/modul-icu/StructureDefinition/mii-pr-icu-vent-horowitz-in-arteriellem-blut,https://www.medizininformatik-initiative.de/fhir/ext/modul-icu/StructureDefinition/mii-pr-icu-bilanz-ausfuhr-blutverlust,https://www.medizininformatik-initiative.de/fhir/ext/modul-icu/StructureDefinition/mii-pr-icu-bilanz-ausfuhr-haemofiltration-einzelmesswerte (0.36),
icu,2026.0.1,2026.0.2,Observation,MII_PR_ICU_VENT_Inspiratorische_Sauerstofffraktion,MII_PR_ICU_Bilanz_Ausfuhr_Blutverlust,0.411,0.4,0.437,https://www.medizininformatik-initiative.de/fhir/ext/modul-icu/StructureDefinition/mii-pr-icu-vent-inspiratorische-sauerstofffraktion,https://www.medizininformatik-initiative.de/fhir/ext/modul-icu/StructureDefinition/mii-pr-icu-bilanz-ausfuhr-blutverlust,https://www.medizininformatik-initiative.de/fhir/ext/modul-icu/StructureDefinition/mii-pr-icu-bilanz-ausfuhr-op-drainage (0.40),
icu,2026.0.1,2026.0.2,Observation,MII_PR_ICU_VENT_Inspiratorische_Sauerstofffraktion_Eingestellt,MII_PR_ICU_Bilanz_Ausfuhr_Haemofiltration_Einzelmesswerte,0.421,0.4,0.471,https://www.medizininformatik-initiative.de/fhir/ext/modul-icu/StructureDefinition/mii-pr-icu-vent-inspiratorische-sauerstofffraktion-eingestellt,https://www.medizininformatik-initiative.de/fhir/ext/modul-icu/StructureDefinition/mii-pr-icu-bilanz-ausfuhr-haemofiltration-einzelmesswerte,https://www.medizininformatik-initiative.de/fhir/ext/modul-icu/StructureDefinition/mii-pr-icu-bilanz-ausfuhr-blutverlust (0.40),
icu,2026.0.1,2026.0.2,Observation,MII_PR_ICU_VENT_Inspiratorische_Sauerstofffraktion_Gemessen,MII_PR_ICU_Bilanz_Ausfuhr_Haemofiltration_Einzelmesswerte,0.42,0.4,0.466,https://www.medizininformatik-initiative.de/fhir/ext/modul-icu/StructureDefinition/mii-pr-icu-vent-inspiratorische-sauerstofffraktion-gemessen,https://www.medizininformatik-initiative.de/fhir/ext/modul-icu/StructureDefinition/mii-pr-icu-bilanz-ausfuhr-haemofiltration-einzelmesswerte,https://www.medizininformatik-initiative.de/fhir/ext/modul-icu/StructureDefinition/mii-pr-icu-bilanz-ausfuhr-blutverlust (0.40),
icu,2026.0.1,2026.0.2,Observation,MII_PR_ICU_VENT_Inspiratorischer_Gasfluss,MII_PR_ICU_Bilanz_Ausfuhr_Blutverlust,0.387,0.333,0.513,https://www.medizininformatik-initiative.de/fhir/ext/modul-icu/StructureDefinition/mii-pr-icu-vent-inspiratorischer-gasfluss,https://www.medizininformatik-initiative.de/fhir/ext/modul-icu/StructureDefinition/mii-pr-icu-bilanz-ausfuhr-blutverlust,https://www.medizininformatik-initiative.de/fhir/ext/modul-icu/StructureDefinition/mii-pr-icu-bilanz-ausfuhr-haemofiltration-einzelmesswerte (0.37),
icu,2026.0.1,2026.0.2,Observation,MII_PR_ICU_VENT_Maximaler_Beatmungsdruck,MII_PR_ICU_Bilanz_Ausfuhr_Blutverlust,0.387,0.364,0.442,https://www.medizininformatik-initiative.de/fhir/ext/modul-icu/StructureDefinition/mii-pr-icu-vent-maximaler-beatmungsdruck,https://www.medizininformatik-initiative.de/fhir/ext/modul-icu/StructureDefinition/mii-pr-icu-bilanz-ausfuhr-blutverlust,https://www.medizininformatik-initiative.de/fhir/ext/modul-icu/StructureDefinition/mii-pr-icu-bilanz-tagesbilanz-fluessigkeit (0.37),
icu,2026.0.1,2026.0.2,Observation,MII_PR_ICU_VENT_Mechanische_Atemfrequenz_Beatmet,MII_PR_ICU_Bilanz_Ausfuhr_Blutverlust,0.382,0.364,0.424,https://www.medizininformatik-initiative.de/fhir/ext/modul-icu/StructureDefinition/mii-pr-icu-vent-mechanische-atemfrequenz-beatmet,https://www.medizininformatik-initiative.de/fhir/ext/modul-icu/StructureDefinition/mii-pr-icu-bilanz-ausfuhr-blutverlust,https://www.medizininformatik-initiative.de/fhir/ext/modul-icu/StructureDefinition/mii-pr-icu-bilanz-ausfuhr-haemofiltration-einzelmesswerte (0.37),
icu,2026.0.1,2026.0.2,Observation,MII_PR_ICU_VENT_Mittlerer_Beatmungsdruck,MII_PR_ICU_Bilanz_Ausfuhr_Blutverlust,0.387,0.364,0.442,https://www.medizininformatik-initiative.de/fhir/ext/modul-icu/StructureDefinition/mii-pr-icu-vent-mittlerer-beatmungsdruck,https://www.medizininformatik-initiative.de/fhir/ext/modul-icu/StructureDefinition/mii-pr-icu-bilanz-ausfuhr-blutverlust,https://www.medizininformatik-initiative.de/fhir/ext/modul-icu/StructureDefinition/mii-pr-icu-bilanz-ausfuhr-op-drainage (0.37),
icu,2026.0.1,2026.0.2,Observation,MII_PR_ICU_VENT_Parameter_Von_Beatmung,,,,,https://www.medizininformatik-initiative.de/fhir/ext/modul-icu/StructureDefinition/mii-pr-icu-vent-parameter-von-beatmung,,,
icu,2026.0.1,2026.0.2,Observation,MII_PR_ICU_VENT_Positiv_Endexspiratorischer_Druck,MII_PR_ICU_Bilanz_Ausfuhr_Haemofiltration_Einzelmesswerte,0.385,0.364,0.434,https://www.medizininformatik-initiative.de/fhir/ext/modul-icu/StructureDefinition/mii-pr-icu-vent-positiv-endexspiratorischer-druck,https://www.medizininformatik-initiative.de/fhir/ext/modul-icu/StructureDefinition/mii-pr-icu-bilanz-ausfuhr-haemofiltration-einzelmesswerte,https://www.medizininformatik-initiative.de/fhir/ext/modul-icu/StructureDefinition/mii-pr-icu-bilanz-ausfuhr-blutverlust (0.38),
icu,2026.0.1,2026.0.2,Observation,MII_PR_ICU_VENT_Spontane_Atemfrequenz_Beatmet,MII_PR_ICU_Bilanz_Ausfuhr_Blutverlust,0.412,0.4,0.439,https://www.medizininformatik-initiative.de/fhir/ext/modul-icu/StructureDefinition/mii-pr-icu-vent-spontane-atemfrequenz-beatmet,https://www.medizininformatik-initiative.de/fhir/ext/modul-icu/StructureDefinition/mii-pr-icu-bilanz-ausfuhr-blutverlust,https://www.medizininformatik-initiative.de/fhir/ext/modul-icu/StructureDefinition/mii-pr-icu-bilanz-tagesbilanz-fluessigkeit (0.40),
icu,2026.0.1,2026.0.2,Observation,MII_PR_ICU_VENT_Spontane_Mechanische_Atemfrequenz_Beatmet,MII_PR_ICU_Bilanz_Ausfuhr_Blutverlust,0.395,0.4,0.383,https://www.medizininformatik-initiative.de/fhir/ext/modul-icu/StructureDefinition/mii-pr-icu-vent-spontane-mechanische-atemfrequenz-beatmet,https://www.medizininformatik-initiative.de/fhir/ext/modul-icu/StructureDefinition/mii-pr-icu-bilanz-ausfuhr-blutverlust,https://www.medizininformatik-initiative.de/fhir/ext/modul-icu/StructureDefinition/mii-pr-icu-bilanz-ausfuhr-haemofiltration-einzelmesswerte (0.39),
icu,2026.0.1,2026.0.2,Observation,MII_PR_ICU_VENT_Spontanes_Atemzugvolumen,MII_PR_ICU_Bilanz_Ausfuhr_Blutverlust,0.403,0.364,0.494,https://www.medizininformatik-initiative.de/fhir/ext/modul-icu/StructureDefinition/mii-pr-icu-vent-spontanes-atemzugvolumen,https://www.medizininformatik-initiative.de/fhir/ext/modul-icu/StructureDefinition/mii-pr-icu-bilanz-ausfuhr-blutverlust,https://www.medizininformatik-initiative.de/fhir/ext/modul-icu/StructureDefinition/mii-pr-icu-bilanz-tagesbilanz-fluessigkeit (0.39),
icu,2026.0.1,2026.0.2,Observation,MII_PR_ICU_VENT_Spontanes_Mechanisches_Atemzugvolumen_Waehrend,MII_PR_ICU_Bilanz_Ausfuhr_Blutverlust,0.312,0.273,0.404,https://www.medizininformatik-initiative.de/fhir/ext/modul-icu/StructureDefinition/mii-pr-icu-vent-spontanes-mechanisches-atemzugvolumen-waehrend,https://www.medizininformatik-initiative.de/fhir/ext/modul-icu/StructureDefinition/mii-pr-icu-bilanz-ausfuhr-blutverlust,https://www.medizininformatik-initiative.de/fhir/ext/modul-icu/StructureDefinition/mii-pr-icu-bilanz-ausfuhr-op-drainage (0.31),
icu,2026.0.1,2026.0.2,Observation,MII_PR_ICU_VENT_Unterstuezungsdruck_Beatmung,MII_PR_ICU_Bilanz_Tagesbilanz_Fluessigkeit,0.323,0.273,0.442,https://www.medizininformatik-initiative.de/fhir/ext/modul-icu/StructureDefinition/mii-pr-icu-vent-unterstuetzungsdruck-beatmung,https://www.medizininformatik-initiative.de/fhir/ext/modul-icu/StructureDefinition/mii-pr-icu-bilanz-tagesbilanz-fluessigkeit,https://www.medizininformatik-initiative.de/fhir/ext/modul-icu/StructureDefinition/mii-pr-icu-bilanz-ausfuhr-blutverlust (0.32),
icu,2026.0.1,2026.0.2,Observation,MII_PR_ICU_VENT_Zeitverhaeltnis_Ein_Ausatmung,MII_PR_ICU_Bilanz_Ausfuhr_OP_Drainage,0.408,0.364,0.512,https://www.medizininformatik-initiative.de/fhir/ext/modul-icu/StructureDefinition/mii-pr-icu-vent-zeitverhaeltnis-ein-ausatmung,https://www.medizininformatik-initiative.de/fhir/ext/modul-icu/StructureDefinition/mii-pr-icu-bilanz-ausfuhr-op-drainage,https://www.medizininformatik-initiative.de/fhir/ext/modul-icu/StructureDefinition/mii-pr-icu-bilanz-ausfuhr-blutverlust (0.40),
icu,2026.0.2,2026.0.3,Observation,MII_PR_ICU_Arterieller_Druck,MII_PR_ICU_ECT_Arterieller_Druck,0.98,1.0,0.933,https://www.medizininformatik-initiative.de/fhir/ext/modul-icu/StructureDefinition/mii-pr-icu-arterieller-druck,https://www.medizininformatik-initiative.de/fhir/ext/modul-icu/StructureDefinition/mii-pr-icu-ect-arterieller-druck,https://www.medizininformatik-initiative.de/fhir/ext/modul-icu/StructureDefinition/mii-pr-icu-ect-venoeser-druck (0.92),
icu,2026.0.2,2026.0.3,Observation,MII_PR_ICU_Atemwegsdruck_Bei_Mittlerem_Expiratorischem_Gasfluss,MII_PR_ICU_VENT_Atemwegsdruck_Bei_Mittlerem_Expiratorischem_Gasfluss,0.755,0.667,0.962,https://www.medizininformatik-initiative.de/fhir/ext/modul-icu/StructureDefinition/mii-pr-icu-atemwegsdruck-bei-mittlerem-expiratorischem-gasfluss,https://www.medizininformatik-initiative.de/fhir/ext/modul-icu/StructureDefinition/mii-pr-icu-vent-atemwegsdruck-bei-mittlerem-expiratorischem-gasfluss,https://www.medizininformatik-initiative.de/fhir/ext/modul-icu/StructureDefinition/mii-pr-icu-vent-atemwegsdruck-bei-null-expiratorischem-gasfluss (0.73),
icu,2026.0.2,2026.0.3,Observation,MII_PR_ICU_Atemwegsdruck_Bei_Null_Expiratorischem_Gasfluss,MII_PR_ICU_VENT_Atemwegsdruck_Bei_Null_Expiratorischem_Gasfluss,0.754,0.667,0.959,https://www.medizininformatik-initiative.de/fhir/ext/modul-icu/StructureDefinition/mii-pr-icu-atemwegsdruck-bei-null-expiratorischem-gasfluss,https://www.medizininformatik-initiative.de/fhir/ext/modul-icu/StructureDefinition/mii-pr-icu-vent-atemwegsdruck-bei-null-expiratorischem-gasfluss,https://www.medizininformatik-initiative.de/fhir/ext/modul-icu/StructureDefinition/mii-pr-icu-ect-dauer-extrakorporaler-gasaustausch (0.74),
icu,2026.0.2,2026.0.3,Observation,MII_PR_ICU_Atemzugvolumen_Einstellung,MII_PR_ICU_VENT_Atemzugvolumen_Einstellung,0.719,0.625,0.937,https://www.medizininformatik-initiative.de/fhir/ext/modul-icu/StructureDefinition/mii-pr-icu-atemzugvolumen-einstellung,https://www.medizininformatik-initiative.de/fhir/ext/modul-icu/StructureDefinition/mii-pr-icu-vent-atemzugvolumen-einstellung,https://www.medizininformatik-initiative.de/fhir/ext/modul-icu/StructureDefinition/mii-pr-icu-vent-atemzugvolumen-waehrend-beatmung (0.66),
icu,2026.0.2,2026.0.3,Observation,MII_PR_ICU_Atemzugvolumen_Waehrend_Beatmung,MII_PR_ICU_VENT_Atemzugvolumen_Waehrend_Beatmung,0.784,0.714,0.945,https://www.medizininformatik-initiative.de/fhir/ext/modul-icu/StructureDefinition/mii-pr-icu-atemzugvolumen-waehrend-beatmung,https://www.medizininformatik-initiative.de/fhir/ext/modul-icu/StructureDefinition/mii-pr-icu-vent-atemzugvolumen-waehrend-beatmung,https://www.medizininformatik-initiative.de/fhir/ext/modul-icu/StructureDefinition/mii-pr-icu-vent-atemzugvolumen-einstellung (0.71),
icu,2026.0.2,2026.0.3,Observation,MII_PR_ICU_Beatmungsvolumen_Pro_Minute_Maschineller_Beatmung,MII_PR_ICU_VENT_Beatmungsvolumen_Pro_Minute_Maschineller_Beatmung,0.788,0.714,0.96,https://www.medizininformatik-initiative.de/fhir/ext/modul-icu/StructureDefinition/mii-pr-icu-beatmungsvolumen-pro-minute-maschineller-beatmung,https://www.medizininformatik-initiative.de/fhir/ext/modul-icu/StructureDefinition/mii-pr-icu-vent-beatmungsvolumen-pro-minute-maschineller-beatmung,https://www.medizininformatik-initiative.de/fhir/ext/modul-icu/StructureDefinition/mii-pr-icu-vent-atemzugvolumen-waehrend-beatmung (0.69),
icu,2026.0.2,2026.0.3,Observation,MII_PR_ICU_Beatmungszeit_Hohem_Druck,MII_PR_ICU_VENT_Beatmungszeit_Hohem_Druck,0.781,0.714,0.935,https://www.medizininformatik-initiative.de/fhir/ext/modul-icu/StructureDefinition/mii-pr-icu-beatmungszeit-hohem-druck,https://www.medizininformatik-initiative.de/fhir/ext/modul-icu/StructureDefinition/mii-pr-icu-vent-beatmungszeit-hohem-druck,https://www.medizininformatik-initiative.de/fhir/ext/modul-icu/StructureDefinition/mii-pr-icu-vent-beatmungszeit-niedrigem-druck (0.74),
icu,2026.0.2,2026.0.3,Observation,MII_PR_ICU_Beatmungszeit_Niedrigem_Druck,MII_PR_ICU_VENT_Beatmungszeit_Niedrigem_Druck,0.782,0.714,0.941,https://www.medizininformatik-initiative.de/fhir/ext/modul-icu/StructureDefinition/mii-pr-icu-beatmungszeit-niedrigem-druck,https://www.medizininformatik-initiative.de/fhir/ext/modul-icu/StructureDefinition/mii-pr-icu-vent-beatmungszeit-niedrigem-druck,https://www.medizininformatik-initiative.de/fhir/ext/modul-icu/StructureDefinition/mii-pr-icu-vent-beatmungszeit-hohem-druck (0.74),
icu,2026.0.2,2026.0.3,Observation,MII_PR_ICU_Blutfluss_Cardiovasculaeres_Geraet,MII_PR_ICU_ECT_Blutfluss_Cardiovasculaeres_Geraet,0.987,1.0,0.957,https://www.medizininformatik-initiative.de/fhir/ext/modul-icu/StructureDefinition/mii-pr-icu-blutfluss-cardiovasculaeres-geraet,https://www.medizininformatik-initiative.de/fhir/ext/modul-icu/StructureDefinition/mii-pr-icu-ect-blutfluss-cardiovasculaeres-geraet,https://www.medizininformatik-initiative.de/fhir/ext/modul-icu/StructureDefinition/mii-pr-icu-ect-blutfluss-extrakorporaler-gasaustausch (0.87),
icu,2026.0.2,2026.0.3,Observation,MII_PR_ICU_Blutfluss_Extrakorporaler_Gasaustausch,MII_PR_ICU_ECT_Blutfluss_Extrakorporaler_Gasaustausch,0.988,1.0,0.961,https://www.medizininformatik-initiative.de/fhir/ext/modul-icu/StructureDefinition/mii-pr-icu-blutfluss-extrakorporaler-gasaustausch,https://www.medizininformatik-initiative.de/fhir/ext/modul-icu/StructureDefinition/mii-pr-icu-ect-blutfluss-extrakorporaler-gasaustausch,https://www.medizininformatik-initiative.de/fhir/ext/modul-icu/StructureDefinition/mii-pr-icu-ect-blutfluss-cardiovasculaeres-geraet (0.85),
icu,2026.0.2,2026.0.3,Observation,MII_PR_ICU_Blutflussindex_Extrakorporaler_Gasaustausch,MII_PR_ICU_ECT_Blutflussindex_Extrakorporaler_Gasaustausch,0.989,1.0,0.964,https://www.medizininformatik-initiative.de/fhir/ext/modul-icu/StructureDefinition/mii-pr-icu-blutflussindex-extrakorporaler-gasaustausch,https://www.medizininformatik-initiative.de/fhir/ext/modul-icu/StructureDefinition/mii-pr-icu-ect-blutflussindex-extrakorporaler-gasaustausch,https://www.medizininformatik-initiative.de/fhir/ext/modul-icu/StructureDefinition/mii-pr-icu-ect-dauer-extrakorporaler-gasaustausch (0.94),
icu,2026.0.2,2026.0.3,Observation,MII_PR_ICU_Dauer_Extrakorporaler_Gasaustausch,MII_PR_ICU_ECT_Dauer_Extrakorporaler_Gasaustausch,0.987,1.0,0.957,https://www.medizininformatik-initiative.de/fhir/ext/modul-icu/StructureDefinition/mii-pr-icu-dauer-extrakorporaler-gasaustausch,https://www.medizininformatik-initiative.de/fhir/ext/modul-icu/StructureDefinition/mii-pr-icu-ect-dauer-extrakorporaler-gasaustausch,https://www.medizininformatik-initiative.de/fhir/ext/modul-icu/StructureDefinition/mii-pr-icu-ect-blutflussindex-extrakorporaler-gasaustausch (0.94),
icu,2026.0.2,2026.0.3,Observation,MII_PR_ICU_Dauer_Haemodialysesitzung,MII_PR_ICU_ECT_Dauer_Haemodialysesitzung,0.984,1.0,0.947,https://www.medizininformatik-initiative.de/fhir/ext/modul-icu/StructureDefinition/mii-pr-icu-dauer-haemodialysesitzung,https://www.medizininformatik-initiative.de/fhir/ext/modul-icu/StructureDefinition/mii-pr-icu-ect-dauer-haemodialysesitzung,https://www.medizininformatik-initiative.de/fhir/ext/modul-icu/StructureDefinition/mii-pr-icu-ect-haemodialyse-blutfluss (0.91),
icu,2026.0.2,2026.0.3,DeviceMetric,MII_PR_ICU_Devicemetric_Eingestellte_Gemessene_Parameter_Beatmung,MII_PR_ICU_Devicemetric_Eingestellte_Gemessene_Parameter_Beatmung,1.0,1.0,1.0,https://www.medizininformatik-initiative.de/fhir/ext/modul-icu/StructureDefinition/mii-pr-icu-devicemetric-eingestellte-gemessene-parameter-beatmung,https://www.medizininformatik-initiative.de/fhir/ext/modul-icu/StructureDefinition/mii-pr-icu-dm-eingestellte-gemessene-parameter-beatmung,https://www.medizininformatik-initiative.de/fhir/ext/modul-icu/StructureDefinition/mii-pr-icu-dm-eingest-gem-parameter-extrakorporale-verfahren (0.95),
icu,2026.0.2,2026.0.3,DeviceMetric,MII_PR_ICU_Devicemetric_Eingestellte_Gemessene_Parameter_Extrakorporale_Verfahren,MII_PR_ICU_Devicemetric_Eingestellte_Gemessene_Parameter_Extrakorporale_Verfahren,1.0,1.0,1.0,https://www.medizininformatik-initiative.de/fhir/ext/modul-icu/StructureDefinition/mii-pr-icu-devicemetric-eingestellte-gemessene-parameter-extrakorporale-verfahren,https://www.medizininformatik-initiative.de/fhir/ext/modul-icu/StructureDefinition/mii-pr-icu-dm-eingest-gem-parameter-extrakorporale-verfahren,https://www.medizininformatik-initiative.de/fhir/ext/modul-icu/StructureDefinition/mii-pr-icu-dm-eingestellte-gemessene-parameter-beatmung (0.94),
icu,2026.0.2,2026.0.3,Observation,MII_PR_ICU_Druckdifferenz_Beatmung,MII_PR_ICU_VENT_Druckdifferenz_Beatmung,0.779,0.714,0.932,https://www.medizininformatik-initiative.de/fhir/ext/modul-icu/StructureDefinition/mii-pr-icu-druckdifferenz-beatmung,https://www.medizininformatik-initiative.de/fhir/ext/modul-icu/StructureDefinition/mii-pr-icu-vent-druckdifferenz-beatmung,https://www.medizininformatik-initiative.de/fhir/ext/modul-icu/StructureDefinition/mii-pr-icu-vent-atemzugvolumen-waehrend-beatmung (0.68),
icu,2026.0.2,2026.0.3,Observation,MII_PR_ICU_Dynamische_Kompliance,MII_PR_ICU_VENT_Dynamische_Kompliance,0.778,0.714,0.928,https://www.medizininformatik-initiative.de/fhir/ext/modul-icu/StructureDefinition/mii-pr-icu-dynamische-kompliance,https://www.medizininformatik-initiative.de/fhir/ext/modul-icu/StructureDefinition/mii-pr-icu-vent-dynamische-kompliance,https://www.medizininformatik-initiative.de/fhir/ext/modul-icu/StructureDefinition/mii-pr-icu-vent-inspiratorischer-gasfluss (0.66),
icu,2026.0.2,2026.0.3,Observation,MII_PR_ICU_Eingestellter_Inspiratorischer_Gasfluss,MII_PR_ICU_VENT_Eingestellter_Inspiratorischer_Gasfluss,0.752,0.667,0.952,https://www.medizininformatik-initiative.de/fhir/ext/modul-icu/StructureDefinition/mii-pr-icu-eingestellter-inspiratorischer-gasfluss,https://www.medizininformatik-initiative.de/fhir/ext/modul-icu/StructureDefinition/mii-pr-icu-vent-eingestellter-inspiratorischer-gasfluss,https://www.medizininformatik-initiative.de/fhir/ext/modul-icu/StructureDefinition/mii-pr-icu-ect-blutfluss-extrakorporaler-gasaustausch (0.72),
icu,2026.0.2,2026.0.3,Observation,MII_PR_ICU_Einstellung_Ausatmungszeit_Beatmung,MII_PR_ICU_VENT_Einstellung_Ausatmungszeit_Beatmung,0.785,0.714,0.948,https://www.medizininformatik-initiative.de/fhir/ext/modul-icu/StructureDefinition/mii-pr-icu-einstellung-ausatmungszeit-beatmung,https://www.medizininformatik-initiative.de/fhir/ext/modul-icu/StructureDefinition/mii-pr-icu-vent-einstellung-ausatmungszeit-beatmung,https://www.medizininformatik-initiative.de/fhir/ext/modul-icu/StructureDefinition/mii-pr-icu-vent-einstellung-einatmungszeit-beatmung (0.77),
icu,2026.0.2,2026.0.3,Observation,MII_PR_ICU_Einstellung_Einatmungszeit_Beatmung,MII_PR_ICU_VENT_Einstellung_Einatmungszeit_Beatmung,0.785,0.714,0.948,https://www.medizininformatik-initiative.de/fhir/ext/modul-icu/StructureDefinition/mii-pr-icu-einstellung-einatmungszeit-beatmung,https://www.medizininformatik-initiative.de/fhir/ext/modul-icu/StructureDefinition/mii-pr-icu-vent-einstellung-einatmungszeit-beatmung,https://www.medizininformatik-initiative.de/fhir/ext/modul-icu/StructureDefinition/mii-pr-icu-vent-einstellung-ausatmungszeit-beatmung (0.77),
icu,2026.0.2,2026.0.3,Observation,MII_PR_ICU_Endexpiratorischer_Kohlendioxidpartialdruck,MII_PR_ICU_VENT_Endexpiratorischer_Kohlendioxidpartialdruck,0.724,0.625,0.956,https://www.medizininformatik-initiative.de/fhir/ext/modul-icu/StructureDefinition/mii-pr-icu-endexpiratorischer-kohlendioxidpartialdruck,https://www.medizininformatik-initiative.de/fhir/ext/modul-icu/StructureDefinition/mii-pr-icu-vent-endexpiratorischer-kohlendioxidpartialdruck,https://www.medizininformatik-initiative.de/fhir/ext/modul-icu/StructureDefinition/mii-pr-icu-vent-positiv-endexpiratorischer-druck (0.70),
icu,2026.0.2,2026.0.3,Observation,MII_PR_ICU_Exspiratorischer_Gasfluss,MII_PR_ICU_VENT_Exspiratorischer_Gasfluss,0.781,0.714,0.935,https://www.medizininformatik-initiative.de/fhir/ext/modul-icu/StructureDefinition/mii-pr-icu-exspiratorischer-gasfluss,https://www.medizininformatik-initiative.de/fhir/ext/modul-icu/StructureDefinition/mii-pr-icu-vent-exspiratorischer-gasfluss,https://www.medizininformatik-initiative.de/fhir/ext/modul-icu/StructureDefinition/mii-pr-icu-vent-inspiratorischer-gasfluss (0.77),
icu,2026.0.2,2026.0.3,Observation,MII_PR_ICU_Exspiratorischer_Sauerstoffpartialdruck,MII_PR_ICU_VENT_Exspiratorischer_Sauerstoffpartialdruck,0.723,0.625,0.952,https://www.medizininformatik-initiative.de/fhir/ext/modul-icu/StructureDefinition/mii-pr-icu-exspiratorischer-sauerstoffpartialdruck,https://www.medizininformatik-initiative.de/fhir/ext/modul-icu/StructureDefinition/mii-pr-icu-vent-exspiratorischer-sauerstoffpartialdruck,https://www.medizininformatik-initiative.de/fhir/ext/modul-icu/StructureDefinition/mii-pr-icu-vent-exspiratorischer-gasfluss (0.70),
icu,2026.0.2,2026.0.3,Observation,MII_PR_ICU_Gasfluss,MII_PR_ICU_ECT_Gasfluss,0.971,1.0,0.905,https://www.medizininformatik-initiative.de/fhir/ext/modul-icu/StructureDefinition/mii-pr-icu-gasfluss,https://www.medizininformatik-initiative.de/fhir/ext/modul-icu/StructureDefinition/mii-pr-icu-ect-gasfluss,https://www.medizininformatik-initiative.de/fhir/ext/modul-icu/StructureDefinition/mii-pr-icu-ect-venoeser-druck (0.69),
icu,2026.0.2,2026.0.3,Observation,MII_PR_ICU_Haemodialyse_Blutfluss,MII_PR_ICU_ECT_Haemodialyse_Blutfluss,0.983,1.0,0.943,https://www.medizininformatik-initiative.de/fhir/ext/modul-icu/StructureDefinition/mii-pr-icu-haemodialyse-blutfluss,https://www.medizininformatik-initiative.de/fhir/ext/modul-icu/StructureDefinition/mii-pr-icu-ect-haemodialyse-blutfluss,https://www.medizininformatik-initiative.de/fhir/ext/modul-icu/StructureDefinition/mii-pr-icu-ect-dauer-haemodialysesitzung (0.90),
icu,2026.0.2,2026.0.3,Observation,MII_PR_ICU_Horowitz_In_Arteriellem_Blut,MII_PR_ICU_VENT_Horowitz_In_Arteriellem_Blut,0.719,0.625,0.94,https://www.medizininformatik-initiative.de/fhir/ext/modul-icu/StructureDefinition/mii-pr-icu-horowitz-in-arteriellem-blut,https://www.medizininformatik-initiative.de/fhir/ext/modul-icu/StructureDefinition/mii-pr-icu-vent-horowitz-in-arteriellem-blut,https://www.medizininformatik-initiative.de/fhir/ext/modul-icu/StructureDefinition/mii-pr-icu-ect-arterieller-druck (0.67),
icu,2026.0.2,2026.0.3,Device,MII_PR_ICU_Device,MII_PR_ICU_Device,1.0,1.0,1.0,https://www.medizininformatik-initiative.de/fhir/ext/modul-icu/StructureDefinition/mii-pr-icu-icu-device,https://www.medizininformatik-initiative.de/fhir/ext/modul-icu/StructureDefinition/mii-pr-icu-device,,
icu,2026.0.2,2026.0.3,Observation,MII_PR_ICU_Inspiratorische_Sauerstofffraktion_Eingestellt,MII_PR_ICU_VENT_Inspiratorischer_Gasfluss,0.59,0.571,0.633,https://www.medizininformatik-initiative.de/fhir/ext/modul-icu/StructureDefinition/mii-pr-icu-inspiratorische-sauerstofffraktion-eingestellt,https://www.medizininformatik-initiative.de/fhir/ext/modul-icu/StructureDefinition/mii-pr-icu-vent-inspiratorischer-gasfluss,https://www.medizininformatik-initiative.de/fhir/ext/modul-icu/StructureDefinition/mii-pr-icu-vent-exspiratorischer-gasfluss (0.58),
icu,2026.0.2,2026.0.3,Observation,MII_PR_ICU_Inspiratorische_Sauerstofffraktion_Gemessen,MII_PR_ICU_VENT_Inspiratorischer_Gasfluss,0.596,0.571,0.653,https://www.medizininformatik-initiative.de/fhir/ext/modul-icu/StructureDefinition/mii-pr-icu-inspiratorische-sauerstofffraktion-gemessen,https://www.medizininformatik-initiative.de/fhir/ext/modul-icu/StructureDefinition/mii-pr-icu-vent-inspiratorischer-gasfluss,https://www.medizininformatik-initiative.de/fhir/ext/modul-icu/StructureDefinition/mii-pr-icu-vent-exspiratorischer-gasfluss (0.58),
icu,2026.0.2,2026.0.3,Observation,MII_PR_ICU_Inspiratorischer_Gasfluss,MII_PR_ICU_VENT_Inspiratorischer_Gasfluss,0.781,0.714,0.935,https://www.medizininformatik-initiative.de/fhir/ext/modul-icu/StructureDefinition/mii-pr-icu-inspiratorischer-gasfluss,https://www.medizininformatik-initiative.de/fhir/ext/modul-icu/StructureDefinition/mii-pr-icu-vent-inspiratorischer-gasfluss,https://www.medizininformatik-initiative.de/fhir/ext/modul-icu/StructureDefinition/mii-pr-icu-vent-exspiratorischer-gasfluss (0.76),
icu,2026.0.2,2026.0.3,Observation,MII_PR_ICU_Ionisiertes_Kalzium_Nierenersatzverfahren,MII_PR_ICU_ECT_Ionisiertes_Kalzium_Nierenersatzverfahren,0.989,1.0,0.963,https://www.medizininformatik-initiative.de/fhir/ext/modul-icu/StructureDefinition/mii-pr-icu-ionisiertes-kalzium-nierenersatzverfahren,https://www.medizininformatik-initiative.de/fhir/ext/modul-icu/StructureDefinition/mii-pr-icu-ect-ionisiertes-kalzium-nierenersatzverfahren,https://www.medizininformatik-initiative.de/fhir/ext/modul-icu/StructureDefinition/mii-pr-icu-ect-dauer-extrakorporaler-gasaustausch (0.74),
icu,2026.0.2,2026.0.3,Observation,MII_PR_ICU_Maximaler_Beatmungsdruck,MII_PR_ICU_VENT_Plateau_Beatmungsdruck,0.73,0.714,0.767,https://www.medizininformatik-initiative.de/fhir/ext/modul-icu/StructureDefinition/mii-pr-icu-maximaler-beatmungsdruck,https://www.medizininformatik-initiative.de/fhir/ext/modul-icu/StructureDefinition/mii-pr-icu-vent-plateau-beatmungsdruck,https://www.medizininformatik-initiative.de/fhir/ext/modul-icu/StructureDefinition/mii-pr-icu-vent-mittlerer-inspiratorischer-beatmungsdruck (0.70),
icu,2026.0.2,2026.0.3,Observation,MII_PR_ICU_Mechanische_Atemfrequenz_Beatmet,MII_PR_ICU_VENT_Mechanische_Atemfrequenz_Beatmet,0.784,0.714,0.945,https://www.medizininformatik-initiative.de/fhir/ext/modul-icu/StructureDefinition/mii-pr-icu-mechanische-atemfrequenz-beatmet,https://www.medizininformatik-initiative.de/fhir/ext/modul-icu/StructureDefinition/mii-pr-icu-vent-mechanische-atemfrequenz-beatmet,https://www.medizininformatik-initiative.de/fhir/ext/modul-icu/StructureDefinition/mii-pr-icu-vent-spontane-mechanische-atemfrequenz-beatmet (0.76),
icu,2026.0.2,2026.0.3,Observation,MII_PR_ICU_Mittlerer_Beatmungsdruck,MII_PR_ICU_VENT_Plateau_Beatmungsdruck,0.73,0.714,0.767,https://www.medizininformatik-initiative.de/fhir/ext/modul-icu/StructureDefinition/mii-pr-icu-mittlerer-beatmungsdruck,https://www.medizininformatik-initiative.de/fhir/ext/modul-icu/StructureDefinition/mii-pr-icu-vent-plateau-beatmungsdruck,https://www.medizininformatik-initiative.de/fhir/ext/modul-icu/StructureDefinition/mii-pr-icu-vent-mittlerer-inspiratorischer-beatmungsdruck (0.73),
icu,2026.0.2,2026.0.3,Observation,MII_PR_ICU_Positiv_Endexpiratorischer_Druck,MII_PR_ICU_VENT_Positiv_Endexpiratorischer_Druck,0.784,0.714,0.945,https://www.medizininformatik-initiative.de/fhir/ext/modul-icu/StructureDefinition/mii-pr-icu-positiv-endexpiratorischer-druck,https://www.medizininformatik-initiative.de/fhir/ext/modul-icu/StructureDefinition/mii-pr-icu-vent-positiv-endexpiratorischer-druck,https://www.medizininformatik-initiative.de/fhir/ext/modul-icu/StructureDefinition/mii-pr-icu-vent-exspiratorischer-gasfluss (0.71),
icu,2026.0.2,2026.0.3,Observation,MII_PR_ICU_Spontane_Atemfrequenz_Beatmet,MII_PR_ICU_VENT_Spontane_Atemfrequenz_Beatmet,0.72,0.625,0.941,https://www.medizininformatik-initiative.de/fhir/ext/modul-icu/StructureDefinition/mii-pr-icu-spontane-atemfrequenz-beatmet,https://www.medizininformatik-initiative.de/fhir/ext/modul-icu/StructureDefinition/mii-pr-icu-vent-spontane-atemfrequenz-beatmet,https://www.medizininformatik-initiative.de/fhir/ext/modul-icu/StructureDefinition/mii-pr-icu-vent-spontane-mechanische-atemfrequenz-beatmet (0.68),
icu,2026.0.2,2026.0.3,Observation,MII_PR_ICU_Spontane_Mechanische_Atemfrequenz_Beatmet,MII_PR_ICU_VENT_Spontane_Mechanische_Atemfrequenz_Beatmet,0.786,0.714,0.954,https://www.medizininformatik-initiative.de/fhir/ext/modul-icu/StructureDefinition/mii-pr-icu-spontane-mechanische-atemfrequenz-beatmet,https://www.medizininformatik-initiative.de/fhir/ext/modul-icu/StructureDefinition/mii-pr-icu-vent-spontane-mechanische-atemfrequenz-beatmet,https://www.medizininformatik-initiative.de/fhir/ext/modul-icu/StructureDefinition/mii-pr-icu-vent-mechanische-atemfrequenz-beatmet (0.76),
icu,2026.0.2,2026.0.3,Observation,MII_PR_ICU_Spontanes_Atemzugvolumen,MII_PR_ICU_VENT_Atemzugvolumen_Einstellung,0.703,0.714,0.675,https://www.medizininformatik-initiative.de/fhir/ext/modul-icu/StructureDefinition/mii-pr-icu-spontanes-atemzugvolumen,https://www.medizininformatik-initiative.de/fhir/ext/modul-icu/StructureDefinition/mii-pr-icu-vent-atemzugvolumen-einstellung,https://www.medizininformatik-initiative.de/fhir/ext/modul-icu/StructureDefinition/mii-pr-icu-vent-spontane-atemfrequenz-beatmet (0.70),
icu,2026.0.2,2026.0.3,Observation,MII_PR_ICU_Spontanes_Plus_Mechanisches_Atemzugvolumen,MII_PR_ICU_VENT_Spontanes_Plus_Mechanisches_Atemzugvolumen,0.753,0.667,0.955,https://www.medizininformatik-initiative.de/fhir/ext/modul-icu/StructureDefinition/mii-pr-icu-spontanes-mechanisches-atemzugvolumen-waehrend-beatmung,https://www.medizininformatik-initiative.de/fhir/ext/modul-icu/StructureDefinition/mii-pr-icu-vent-spontanes-mechanisches-atemzugvolumen-waehrend-beatmung,https://www.medizininformatik-initiative.de/fhir/ext/modul-icu/StructureDefinition/mii-pr-icu-ect-substituatfluss (0.71),
icu,2026.0.2,2026.0.3,Observation,MII_PR_ICU_Substituatfluss,MII_PR_ICU_ECT_Substituatfluss,0.979,1.0,0.929,https://www.medizininformatik-initiative.de/fhir/ext/modul-icu/StructureDefinition/mii-pr-icu-substituatfluss,https://www.medizininformatik-initiative.de/fhir/ext/modul-icu/StructureDefinition/mii-pr-icu-ect-substituatfluss,https://www.medizininformatik-initiative.de/fhir/ext/modul-icu/StructureDefinition/mii-pr-icu-ect-haemodialyse-blutfluss (0.87),
icu,2026.0.2,2026.0.3,Observation,MII_PR_ICU_Substituatvolumen,MII_PR_ICU_ECT_Substituatvolumen,0.98,1.0,0.933,https://www.medizininformatik-initiative.de/fhir/ext/modul-icu/StructureDefinition/mii-pr-icu-substituatvolumen,https://www.medizininformatik-initiative.de/fhir/ext/modul-icu/StructureDefinition/mii-pr-icu-ect-substituatvolumen,https://www.medizininformatik-initiative.de/fhir/ext/modul-icu/StructureDefinition/mii-pr-icu-ect-substituatfluss (0.76),
icu,2026.0.2,2026.0.3,Observation,MII_PR_ICU_Unterstuezungsdruck_Beatmung,MII_PR_ICU_VENT_Unterstuetzungsdruck_Beatmung,0.745,0.667,0.929,https://www.medizininformatik-initiative.de/fhir/ext/modul-icu/StructureDefinition/mii-pr-icu-unterstuetzungsdruck-beatmung,https://www.medizininformatik-initiative.de/fhir/ext/modul-icu/StructureDefinition/mii-pr-icu-vent-unterstuetzungsdruck-beatmung,https://www.medizininformatik-initiative.de/fhir/ext/modul-icu/StructureDefinition/mii-pr-icu-ect-substituatfluss (0.73),
icu,2026.0.2,2026.0.3,Observation,MII_PR_ICU_Venoeser_Druck,MII_PR_ICU_ECT_Venoeser_Druck,0.978,1.0,0.926,https://www.medizininformatik-initiative.de/fhir/ext/modul-icu/StructureDefinition/mii-pr-icu-venoeser-druck,https://www.medizininformatik-initiative.de/fhir/ext/modul-icu/StructureDefinition/mii-pr-icu-ect-venoeser-druck,https://www.medizininformatik-initiative.de/fhir/ext/modul-icu/StructureDefinition/mii-pr-icu-ect-arterieller-druck (0.92),
icu,2026.0.2,2026.0.3,Observation,MIIPR_ICU_Zeitverhaeltnis_Ein_Ausatmung,MII_PR_ICU_VENT_Zeitverhaeltnis_Ein_Ausatmung,0.779,0.714,0.929,https://www.medizininformatik-initiative.de/fhir/ext/modul-icu/StructureDefinition/mii-pr-icu-zeitverhaeltnis-ein-ausatmung,https://www.medizininformatik-initiative.de/fhir/ext/modul-icu/StructureDefinition/mii-pr-icu-vent-zeitverhaeltnis-ein-ausatmung,https://www.medizininformatik-initiative.de/fhir/ext/modul-icu/StructureDefinition/mii-pr-icu-vent-atemzugvolumen-einstellung (0.67),
mikrobiologie,2025.0.2,2027.0.0-ballot2,Observation,MII_PR_Mikrobio_Kultur_Nachweis,MII_PR_Mikrobio_Allgemeine_Kultur,0.306,0.143,0.688,https://www.medizininformatik-initiative.de/fhir/modul-mikrobio/StructureDefinition/mii-pr-mikrobio-kultur-nachweis,https://www.medizininformatik-initiative.de/fhir/modul-mikrobio/StructureDefinition/mii-pr-mikrobio-allgemeine-kultur,,
mikrobiologie,2025.0.2,2027.0.0-ballot2,Observation,MII_PR_Mikrobio_Molekulare_Diagnostik,MII_PR_Mikrobio_Molekulare_Pathogenlast,0.326,0.105,0.842,https://www.medizininformatik-initiative.de/fhir/modul-mikrobio/StructureDefinition/mii-pr-mikrobio-molekulare-diagnostik,https://www.medizininformatik-initiative.de/fhir/modul-mikrobio/StructureDefinition/mii-pr-mikrobio-molekulare-pathogenlast,,
mikrobiologie,2025.0.2,2027.0.0-ballot2,Observation,MII_PR_Mikrobio_MRE_Klasse,MII_PR_Mikrobio_Aviditaet,0.314,0.146,0.706,https://www.medizininformatik-initiative.de/fhir/modul-mikrobio/StructureDefinition/mii-pr-mikrobio-mre-klasse,https://www.medizininformatik-initiative.de/fhir/modul-mikrobio/StructureDefinition/mii-pr-mikrobio-aviditaet,https://www.medizininformatik-initiative.de/fhir/modul-mikrobio/StructureDefinition/mii-pr-mikrobio-ct-wert (0.31),
mikrobiologie,2025.0.2,2027.0.0-ballot2,Observation,MII_PR_Mikrobio_Resistenzgene,MII_PR_Mikrobio_Titer,0.304,0.109,0.76,https://www.medizininformatik-initiative.de/fhir/modul-mikrobio/StructureDefinition/mii-pr-mikrobio-resistenzgene,https://www.medizininformatik-initiative.de/fhir/modul-mikrobio/StructureDefinition/mii-pr-mikrobio-titer,,
mikrobiologie,2025.0.2,2027.0.0-ballot2,Observation,MII_PR_Mikrobio_Resistenzmutation,MII_PR_Mikrobio_Aviditaet,0.305,0.14,0.69,https://www.medizininformatik-initiative.de/fhir/modul-mikrobio/StructureDefinition/mii-pr-mikrobio-resistenzmutation,https://www.medizininformatik-initiative.de/fhir/modul-mikrobio/StructureDefinition/mii-pr-mikrobio-aviditaet,https://www.medizininformatik-initiative.de/fhir/modul-mikrobio/StructureDefinition/mii-pr-mikrobio-resistenzmechanismen-determinanten (0.30),
mikrobiologie,2025.0.2,2027.0.0-ballot2,Observation,MII_PR_Mikrobio_Serologie_Immunologie,,,,,https://www.medizininformatik-initiative.de/fhir/modul-mikrobio/StructureDefinition/mii-pr-mikrobio-serologie-immunologie,,,
molgen,2025.0.0,2026.0.0,Observation,MII_PR_MolGen_ErgebnisZusammenfassung,MII_PR_MolGen_MolekulareKonsequenz,0.396,0.312,0.592,https://www.medizininformatik-initiative.de/fhir/ext/modul-molgen/StructureDefinition/ergebnis-zusammenfassung,https://www.medizininformatik-initiative.de/fhir/ext/modul-molgen/StructureDefinition/mii-pr-molgen-molekulare-konsequenz,https://www.medizininformatik-initiative.de/fhir/ext/modul-molgen/StructureDefinition/mii-pr-molgen-molekularer-biomarker (0.36),
molgen,2025.0.0,2026.0.0,FamilyMemberHistory,MII_PR_MolGen_Familienanamnese,MII_PR_MolGen_Familienanamnese,1.0,1.0,1.0,https://www.medizininformatik-initiative.de/fhir/ext/modul-molgen/StructureDefinition/familienanamnese,https://www.medizininformatik-initiative.de/fhir/ext/modul-molgen/StructureDefinition/mii-pr-molgen-familienanamnese,,
molgen,2025.0.0,2026.0.0,Observation,MII_PR_MolGen_UntersuchteRegion,MII_PR_MolGen_MolekularerBiomarker,0.325,0.227,0.554,https://www.medizininformatik-initiative.de/fhir/ext/modul-molgen/StructureDefinition/untersuchte-region,https://www.medizininformatik-initiative.de/fhir/ext/modul-molgen/StructureDefinition/mii-pr-molgen-molekularer-biomarker,https://www.medizininformatik-initiative.de/fhir/ext/modul-molgen/StructureDefinition/mii-pr-molgen-molekulare-konsequenz (0.32),
molgen,2026.0.0,2026.0.1,FamilyMemberHistory,MII_PR_MolGen_Familienanamnese,MII_PR_MolGen_Familienanamnese,1.0,1.0,1.0,https://www.medizininformatik-initiative.de/fhir/ext/modul-molgen/StructureDefinition/mii-pr-molgen-familienanamnese,https://www.medizininformatik-initiative.de/fhir/ext/modul-molgen/StructureDefinition/familienanamnese,,
